{"type":"FeatureCollection","features":[{"type":"Feature","geometry":{"type":"Point","coordinates":[-152.528667,57.777167]},"properties":{"id":"nga:12:117/2024","source":"nga","kind":"navarea","navArea":"XII","number":"117/2024","title":"GULF OF ALASKA.","text":"GULF OF ALASKA.\nALASKA.\nNAVTEX STATION KODIAK (J) 57-46.63N 152-31.72W\nUNRELIABLE.\n","issueDate":"041804Z MAR 2024","status":"in_force","authority":"COGARD COMMUNICATIONS COMMAND 0/24 041601Z MAR 24.","coordsCount":1,"shape":"point","subject":"NAV","hazard":null,"b2":"A"}},{"type":"Feature","geometry":{"type":"Point","coordinates":[-131.831667,55.456667]},"properties":{"id":"nga:12:119/2023","source":"nga","kind":"navarea","navArea":"XII","number":"119/2023","title":"EASTERN NORTH PACIFIC.","text":"EASTERN NORTH PACIFIC.\nUNITED STATES.\nALASKA.\nCOMMDET KODIAK, AK REMOTE SITE POINT HIGGINS\n55-27.40N 131-49.90W TRANSMIT SERVICES OFF AIR.\n","issueDate":"122150Z MAR 2023","status":"in_force","authority":"COGARD COMMUNICATIONS COMMAND 0/23 122101Z MAR 23.","coordsCount":1,"shape":"point","subject":"NAV","hazard":null,"b2":"A"}},{"type":"Feature","geometry":{"type":"Point","coordinates":[-81.073333,-1.261667]},"properties":{"id":"nga:12:183/2022","source":"nga","kind":"navarea","navArea":"XII","number":"183/2022","title":"EASTERN SOUTH PACIFIC.","text":"EASTERN SOUTH PACIFIC.\nGALAPAGOS ISLANDS.\nCHART 22080.\nISLA LA PLATA LIGHTHOUSE 01-15.7S 081-04.4W\nUNLIT.\n","issueDate":"242140Z MAR 2022","status":"in_force","authority":"ECUADOR 4/22 242135Z MAR 22.","coordsCount":1,"shape":"point","subject":"NAV","hazard":"obstruction","b2":"A"}},{"type":"Feature","geometry":{"type":"Point","coordinates":[-135.333333,30.416667]},"properties":{"id":"nga:12:198/2024","source":"nga","kind":"navarea","navArea":"XII","number":"198/2024","title":"EASTERN NORTH PACIFIC.","text":"EASTERN NORTH PACIFIC.\n1. THE OCEAN CLEANUP SYSTEM OPERATIONS\n   IN PROGRESS BY M/V MAERSK TRADER AND\n   M/V MAERSK TENDER TOWING 800 METER\n   BARRIER MARKED WITH WHITE LIGHTS AND\n   RADAR REFLECTORS IN VICINITY\n   30-25.00N 135-20.00W AT 260743Z MAR.\n   TWO MILE BERTH REQUESTED.\n2. CANCEL NAVAREA XII 190/24.\n","issueDate":"261018Z MAR 2024","status":"in_force","authority":"THE OCEAN CLEANUP SYSTEM 0/24 261001Z MAR 24.","coordsCount":1,"shape":"point","subject":"NAV","hazard":null,"b2":"A"}},{"type":"Feature","geometry":{"type":"Point","coordinates":[-152.566667,57.766667]},"properties":{"id":"nga:12:205/2024","source":"nga","kind":"navarea","navArea":"XII","number":"205/2024","title":"GULF OF ALASKA.","text":"GULF OF ALASKA.\nALASKA.\nUSCG REMOTE COMMUNICATION FACILITY KODIAK (J)\n57-46.00N 152-34.00W MF AND HF TRANSMIT AND RECEIVE\nSERVICES UNRELIABLE.\n","issueDate":"282334Z MAR 2024","status":"in_force","authority":"COGARD COMMUNICATIONS COMMAND 0/24 282001Z MAR 24.","coordsCount":1,"shape":"point","subject":"NAV","hazard":null,"b2":"A"}},{"type":"Feature","geometry":{"type":"Point","coordinates":[-117.241667,32.391667]},"properties":{"id":"nga:12:243/2022","source":"nga","kind":"navarea","navArea":"XII","number":"243/2022","title":"EASTERN NORTH PACIFIC.","text":"EASTERN NORTH PACIFIC.\nMEXICO.\nCHART 18740.\n1. CORONADO ISLAND SOUTH LIGHT 32-23.5N 117-14.5W\n   UNLIT.\n2. CANCEL NAVAREA XII 159/21.\n","issueDate":"151541Z APR 2022","status":"in_force","authority":"MEXICO XII 16/22 151230Z APR 22.","coordsCount":1,"shape":"point","subject":"NAV","hazard":"obstruction","b2":"A"}},{"type":"Feature","geometry":{"type":"Point","coordinates":[-109.44,23.238333]},"properties":{"id":"nga:12:244/2022","source":"nga","kind":"navarea","navArea":"XII","number":"244/2022","title":"GOLFO DE CALIFORNIA.","text":"GOLFO DE CALIFORNIA.\nMEXICO.\nCHART 21120.\nBOCA DEL TULE LIGHT 23-14.3N 109-26.4W UNLIT.\n","issueDate":"151951Z APR 2022","status":"in_force","authority":"MEXICO XII 31/22 151233Z APR 22.","coordsCount":1,"shape":"point","subject":"NAV","hazard":"obstruction","b2":"A"}},{"type":"Feature","geometry":{"type":"Point","coordinates":[-138.416667,29.416667]},"properties":{"id":"nga:12:247/2023","source":"nga","kind":"navarea","navArea":"XII","number":"247/2023","title":"EASTERN NORTH PACIFIC.","text":"EASTERN NORTH PACIFIC.\n1. THE OCEAN CLEANUP SYSTEM OPERATIONS IN PROGRESS\n   BY M/V MAERSK TRADER AND M/V MAERSK TENDER\n   TOWING 800 METER BARRIER MARKED WITH WHITE\n   LIGHTS AND RADAR REFLECTORS IN VICINITY\n   29-25.00N 138-25.00W AT 270802Z APR.\n   TWO MILE BERTH REQUESTED.\n2. CANCEL NAVAREA XII 242/23.\n","issueDate":"270937Z APR 2023","status":"in_force","authority":"THE OCEAN CLEANUP SYSTEM 0/23 270934Z APR 23.","coordsCount":1,"shape":"point","subject":"NAV","hazard":null,"b2":"A"}},{"type":"Feature","geometry":{"type":"Point","coordinates":[-177.005,50.175]},"properties":{"id":"nga:12:294/2024","source":"nga","kind":"navarea","navArea":"XII","number":"294/2024","title":"NORTH PACIFIC.","text":"NORTH PACIFIC.\nALASKA.\nDISTRESS SIGNAL RECEIVED IN 50-10.50N 177-00.30W.\nVESSELS IN VICINITY REQUESTED TO\nKEEP A SHARP LOOKOUT, ASSIST IF POSSIBLE.\nREPORTS TO JRCC JUNEAU,\nPHONE: 907 463 2000,\nEMAIL: JRCCJUNEAU@USCG.MIL.\n","issueDate":"301706Z APR 2024","status":"in_force","authority":"JRCC JUNEAU 0/24 301652Z APR 24.","coordsCount":1,"shape":"point","subject":"SAR","hazard":"sar","b2":"D"}},{"type":"Feature","geometry":{"type":"MultiPoint","coordinates":[[-123.956667,46.206667],[-121.06,35.518333],[-158.145,21.435],[-152.528333,57.776667],[-122.731667,37.925]]},"properties":{"id":"nga:12:316/2024","source":"nga","kind":"navarea","navArea":"XII","number":"316/2024","title":"EASTERN NORTH PACIFIC.","text":"EASTERN NORTH PACIFIC.\n1. ALL SERVICES UNRELIABLE AT USCG REMOTE\n   COMMUNICATION FACILITIES:\n   A. ASTORIA (W) 46-12.40N 123-57.40W.\n   B. CAMBRIA (Q) 35-31.10N 121-03.60W.\n   C. HONOLULU (O) 21-26.10N 158-08.70W.\n   D. KODIAK (J) 57-46.60N 152-31.70W.\n2. SERVICES RESTORED POINT REYES (C) 37-55.50N 122-43.90W.\n3. CANCEL NAVAREA XII 273/24.\n","issueDate":"080034Z MAY 2024","status":"in_force","authority":"COGARD COMMUNICATIONS COMMAND 0/24 071901Z MAY 24.","coordsCount":5,"shape":"points","subject":"NAV","hazard":null,"b2":"A"}},{"type":"Feature","geometry":{"type":"Point","coordinates":[-137.166667,28.566667]},"properties":{"id":"nga:12:325/2024","source":"nga","kind":"navarea","navArea":"XII","number":"325/2024","title":"EASTERN NORTH PACIFIC.","text":"EASTERN NORTH PACIFIC.\n1. THE OCEAN CLEANUP SYSTEM OPERATIONS\n   IN PROGRESS BY M/V MAERSK TRADER AND\n   M/V MAERSK TENDER TOWING 800 METER\n   BARRIER MARKED WITH WHITE LIGHTS AND\n   RADAR REFLECTORS IN VICINITY\n   28-34.00N 137-10.00W AT 100912Z MAY.\n   TWO MILE BERTH REQUESTED.\n2. CANCEL NAVAREA XII 319/24.\n","issueDate":"101133Z MAY 2024","status":"in_force","authority":"THE OCEAN CLEANUP SYSTEM 0/24 101001Z MAY 24.","coordsCount":1,"shape":"point","subject":"NAV","hazard":null,"b2":"A"}},{"type":"Feature","geometry":{"type":"Point","coordinates":[-165.25,64.483333]},"properties":{"id":"nga:12:366/2023","source":"nga","kind":"navarea","navArea":"XII","number":"366/2023","title":"BERING SEA.","text":"BERING SEA.\nALASKA.\nCOMMDET KODIAK, AK REMOTE SITE NOME\n64-29.00N 165-15.00W HF SERVICES OFF AIR.\n","issueDate":"181511Z JUN 2023","status":"in_force","authority":"COGARD COMMUNICATIONS COMMAND 0/23 180901Z JUN 23.","coordsCount":1,"shape":"point","subject":"NAV","hazard":null,"b2":"A"}},{"type":"Feature","geometry":{"type":"Point","coordinates":[-81.608833,4.002833]},"properties":{"id":"nga:12:430/2023","source":"nga","kind":"navarea","navArea":"XII","number":"430/2023","title":"EASTERN NORTH PACIFIC.","text":"EASTERN NORTH PACIFIC.\nCOLOMBIA.\nDNC 14.\nRACON (C) AT ISLA MALPELO LIGHT\n04-00.17N 081-36.53W INOPERATIVE.\n","issueDate":"080007Z JUL 2023","status":"in_force","authority":"COLOMBIA 193/23 072347Z JUL 23.","coordsCount":1,"shape":"point","subject":"NAV","hazard":null,"b2":"A"}},{"type":"Feature","geometry":{"type":"Point","coordinates":[-78.176667,2.965]},"properties":{"id":"nga:12:581/2023","source":"nga","kind":"navarea","navArea":"XII","number":"581/2023","title":"EASTERN NORTH PACIFIC.","text":"EASTERN NORTH PACIFIC.\nCOLOMBIA.\nCHART 22050.\n1. PUNTA DEL MONO LIGHT, FL (2) W 12 SEC 14 METERS\n   12 MILES, ESTABLISHED IN 02-57.90N 078-10.60W.\n2. CANCEL NAVAREA XII 572/23.\n","issueDate":"251658Z AUG 2023","status":"in_force","authority":"COLOMBIA 267/23 251155Z AUG 23.","coordsCount":1,"shape":"point","subject":"NAV","hazard":null,"b2":"A"}},{"type":"Feature","geometry":{"type":"Point","coordinates":[-170.233333,57.15]},"properties":{"id":"nga:12:59/2024","source":"nga","kind":"navarea","navArea":"XII","number":"59/2024","title":"BERING SEA.","text":"BERING SEA.\nALASKA.\nUSCG REMOTE COMMUNICATION FACILITY ST PAUL, AK\nIN 57-09.00N 170-14.00W HF SERVICES OFF AIR.\n","issueDate":"051335Z FEB 2024","status":"in_force","authority":"COGARD COMMUNICATIONS COMMAND 0/24 051301Z FEB 24.","coordsCount":1,"shape":"point","subject":"NAV","hazard":null,"b2":"A"}},{"type":"Feature","geometry":{"type":"Point","coordinates":[-80.435333,-2.641167]},"properties":{"id":"nga:12:641/2022","source":"nga","kind":"navarea","navArea":"XII","number":"641/2022","title":"EASTERN SOUTH PACIFIC.","text":"EASTERN SOUTH PACIFIC.\nECUADOR.\nCHART 22090.\nPUNTA CHAPOYA LIGHT 02-38.47S 080-26.12W UNLIT.\n","issueDate":"022350Z SEP 2022","status":"in_force","authority":"EQUADOR 15/22 022253Z SEP 22.","coordsCount":1,"shape":"point","subject":"NAV","hazard":"obstruction","b2":"A"}},{"type":"Feature","geometry":{"type":"Point","coordinates":[-80.223333,-2.732167]},"properties":{"id":"nga:12:642/2022","source":"nga","kind":"navarea","navArea":"XII","number":"642/2022","title":"EASTERN SOUTH PACIFIC.","text":"EASTERN SOUTH PACIFIC.\nECUADOR.\nCHART 22112.\nFARALLONES LIGHT 02-43.93S 080-13.40W UNLIT.\n","issueDate":"030012Z SEP 2022","status":"in_force","authority":"EQUADOR 16/22 022231Z SEP 22.","coordsCount":1,"shape":"point","subject":"NAV","hazard":"obstruction","b2":"A"}},{"type":"Feature","geometry":{"type":"Point","coordinates":[-87.8165,13.339333]},"properties":{"id":"nga:12:720/2022","source":"nga","kind":"navarea","navArea":"XII","number":"720/2022","title":"EASTERN NORTH PACIFIC.","text":"EASTERN NORTH PACIFIC.\nEL SALVADOR.\nCHART 12529.\nPUERTO DE LA UNION 16 BUOY 13-20.36N 087-48.99W UNLIT.\n","issueDate":"272217Z SEP 2022","status":"in_force","authority":"EL SALVADOR 0/22 272201Z SEP 22.","coordsCount":1,"shape":"point","subject":"NAV","hazard":"obstruction","b2":"A"}},{"type":"Feature","geometry":{"type":"Point","coordinates":[-89.851667,13.587167]},"properties":{"id":"nga:12:721/2022","source":"nga","kind":"navarea","navArea":"XII","number":"721/2022","title":"EASTERN NORTH PACIFIC.","text":"EASTERN NORTH PACIFIC.\nEL SALVADOR.\nCHART 21524\nMOORING BUOYS 13-35.23N 089-51.10W UNLIT.\n","issueDate":"272223Z SEP 2022","status":"in_force","authority":"EL SALVADOR 0/22 272211Z SEP 22.","coordsCount":1,"shape":"point","subject":"NAV","hazard":"obstruction","b2":"A"}},{"type":"Feature","geometry":{"type":"Polygon","coordinates":[[[-159.85,22],[-160,22],[-160.1,22.066667],[-160.35,21.991667],[-161.583333,22.083333],[-161.416667,22.75],[-161.816667,22.933333],[-161.31,23.566667],[-160.683333,23.95],[-161.6,25.683333],[-159.966667,26],[-158.25,25.783333],[-158.25,23.9],[-159.15,22.333333],[-159.5,22.35],[-159.7,22.216667],[-159.85,22]]]},"properties":{"id":"nga:12:93/2023","source":"nga","kind":"navarea","navArea":"XII","number":"93/2023","title":"NORTH PACIFIC.","text":"NORTH PACIFIC.\nHAWAII.\n1. INTERMITTENT MISSILE FIRING OPERATIONS CONDUCTED\n   BY THE PACIFIC MISSILE RANGE FACILITY (PMRF),\n   BARKING SANDS, KAUAI, HAWAII, IN WHISKEY\n   188 (W-188) OPERATING AREA. OPERATIONS ARE\n   CONDUCTED PERIODICALLY THROUGHOUT EACH WEEK\n   IN AREA BOUND BY\n   22-00.0N 159-51.0W, 22-00.0N 160-00.0W,\n   22-04.0N 160-06.0W, 21-59.5N 160-21.0W,\n   22-05.0N 161-35.0W, 22-45.0N 161-25.0W,\n   22-56.0N 161-49.0W, 23-34.0N 161-18.6W,\n   23-57.0N 160-41.0W, 25-41.0N 161-36.0W,\n   26-00.0N 159-58.0W, 25-47.0N 158-15.0W,\n   23-54.0N 158-15.0W, 22-20.0N 159-09.0W,\n   22-21.0N 159-30.0W, 22-13.0N 159-42.0W,\n   22-00.0N 159-51.0W.\n2. VESSELS MAY BE REQUESTED TO ALTER COURSE DUE TO\n   FIRING OPERATIONS AND ARE REQUESTED TO CONTACT\n   \"PACIFIC MISSILE RANGE BARKING SANDS\" ON VHF\n   MARINE BAND CHANNEL 16 PRIOR\n   TO ENTERING THE ABOVE BOUNDARIES. IF UNABLE\n   TO CONTACT PMRF PRIOR TO ENTERING OR WHILE IN\n   THE WARNING AREA, RELAY MESSAGES THROUGH\n   U.S. COAST GUARD HONOLULU.\n3. VESSELS INBOUND AND OUTBOUND FOR HAWAIIAN PORTS\n   WILL CREATE THE LEAST INTERFERENCE TO FIRING\n   OPERATIONS AS WELL AS ENHANCE VESSEL SAFETY\n   BY PASSING SOUTH OF THE ISLANDS OF KAUAI\n   AND NIIHAU DURING SPECIFIED TIMES.\n4. CANCEL NAVAREA XII 269/21.\n","issueDate":"282251Z FEB 2023","status":"in_force","authority":"PACMISRANFAC 0/23 282245Z FEB 23.","coordsCount":16,"shape":"area","subject":"NAV","hazard":"firing","b2":"A"}},{"type":"Feature","geometry":{"type":"Point","coordinates":[-165.25,64.483333]},"properties":{"id":"nga:12:976/2022","source":"nga","kind":"navarea","navArea":"XII","number":"976/2022","title":"BERING SEA.","text":"BERING SEA.\nALASKA.\nCOMMDET KODIAK, AK REMOTE SITE NOME\n64-29.00N 165-15.00W HF SERVICES OFF AIR.\n","issueDate":"231206Z DEC 2022","status":"in_force","authority":"COGARD COMMUNICATIONS COMMAND 0/22 231001Z DEC 22.","coordsCount":1,"shape":"point","subject":"NAV","hazard":null,"b2":"A"}},{"type":"Feature","geometry":{"type":"Point","coordinates":[-79.253,8.844667]},"properties":{"id":"nga:12:978/2022","source":"nga","kind":"navarea","navArea":"XII","number":"978/2022","title":"GULF OF PANAMA.","text":"GULF OF PANAMA.\nPANAMA.\nCHART 26060.\nDANGEROUS WRECK REPORTED IN 08-50.68N 079-15.18W.\n","issueDate":"231758Z DEC 2022","status":"in_force","authority":"PANAMA MARITIME AUTHORITY 0/22 231731Z DEC 22.","coordsCount":1,"shape":"point","subject":"NAV","hazard":"obstruction","b2":"A"}},{"type":"Feature","geometry":{"type":"Point","coordinates":[-87.603333,15.925]},"properties":{"id":"nga:4:1003/2021","source":"nga","kind":"navarea","navArea":"IV","number":"1003/2021","title":"GULF OF HONDURAS.","text":"GULF OF HONDURAS.\nHONDURAS.\nCHART 28171.\nPUNTA SAL LIGHT 15-55.5N 087-36.2W UNLIT.\n","issueDate":"040308Z NOV 2021","status":"in_force","authority":"HONDURAS 040259Z NOV 21.","coordsCount":1,"shape":"point","subject":"NAV","hazard":"obstruction","b2":"A"}},{"type":"Feature","geometry":{"type":"Point","coordinates":[-60.133333,10.5]},"properties":{"id":"nga:4:101/2024","source":"nga","kind":"navarea","navArea":"IV","number":"101/2024","title":"WESTERN NORTH ATLANTIC.","text":"WESTERN NORTH ATLANTIC.\nTRINIDAD AND TOBAGO.\nTWO METER YELLOW BUOY ESTABLISHED IN 10-30.00N 060-08.00W.\n500 METER BERTH REQUESTED.\n","issueDate":"310100Z JAN 2024","status":"in_force","authority":"C/S PIERRE DE FERMAT 0/24 310046Z JAN 24.","coordsCount":1,"shape":"point","subject":"NAV","hazard":null,"b2":"A"}},{"type":"Feature","geometry":{"type":"Point","coordinates":[-79.578333,22.806667]},"properties":{"id":"nga:4:1059/2023","source":"nga","kind":"navarea","navArea":"IV","number":"1059/2023","title":"OLD BAHAMA CHANNEL.","text":"OLD BAHAMA CHANNEL.\nWESTERN NORTH ATLANTIC.\nCUBA.\nCAYO FRAGOSO LIGHT 22-48.40N 079-34.70W UNRELIABLE.\n","issueDate":"132103Z SEP 2023","status":"in_force","authority":"CUBA 10/23 132000Z SEP 23.","coordsCount":1,"shape":"point","subject":"NAV","hazard":null,"b2":"A"}},{"type":"Feature","geometry":{"type":"Point","coordinates":[-84.951667,21.866667]},"properties":{"id":"nga:4:107/2024","source":"nga","kind":"navarea","navArea":"IV","number":"107/2024","title":"GULF OF MEXICO.","text":"GULF OF MEXICO.\nCUBA.\nCABO DE SAN ANTONIO LIGHT, FL (2) W 10 SEC 31 METERS\n26 MILES ESTABLISHED IN 21-52.00N 084-57.10W.\n","issueDate":"312202Z JAN 2024","status":"in_force","authority":"CUBA 2/24 312200Z JAN 24.","coordsCount":1,"shape":"point","subject":"NAV","hazard":null,"b2":"A"}},{"type":"Feature","geometry":{"type":"Polygon","coordinates":[[[-66.716667,13.083333],[-66.716667,10.985],[-64.233333,10.985],[-64.233333,13.083333],[-66.716667,13.083333]]]},"properties":{"id":"nga:4:1100/2023","source":"nga","kind":"navarea","navArea":"IV","number":"1100/2023","title":"EASTERN CARIBBEAN SEA.","text":"EASTERN CARIBBEAN SEA.\nVENEZUELA.\nHAZARDOUS OPERATIONS IN PROGRESS UNTIL\nFURTHER NOTICE IN AREA BOUND BY\n13-05.00N 066-43.00W, 10-59.10N 066-43.00W,\n10-59.10N 064-14.00W, 13-05.00N 064-14.00W.\n","issueDate":"221325Z SEP 2023","status":"in_force","authority":"VENEZUELA 17/23 212200Z SEP 23.","coordsCount":4,"shape":"area","subject":"NAV","hazard":null,"b2":"A"}},{"type":"Feature","geometry":{"type":"Point","coordinates":[-52.592,5.287]},"properties":{"id":"nga:4:1179/2023","source":"nga","kind":"navarea","navArea":"IV","number":"1179/2023","title":"WESTERN NORTH ATLANTIC.","text":"WESTERN NORTH ATLANTIC.\nFRENCH GUIANA.\nILE ROYALE LIGHT 05-17.22N 052-35.52W UNLIT.\n","issueDate":"121239Z OCT 2023","status":"in_force","authority":"AVURNAV CAYENNE 48/23 121209Z OCT 23.","coordsCount":1,"shape":"point","subject":"NAV","hazard":"obstruction","b2":"A"}},{"type":"Feature","geometry":{"type":"MultiPolygon","coordinates":[[[[-56.743,8.011],[-56.668667,8.011],[-56.668667,7.9145],[-56.743,7.9145],[-56.743,8.011]]],[[[-57.037167,8.266],[-56.904167,8.266],[-56.904167,7.976667],[-57.037167,7.976667],[-57.037167,8.266]]],[[[-56.832167,8.115667],[-56.776833,8.115667],[-56.776833,7.982333],[-56.832167,7.982333],[-56.832167,8.115667]]]]},"properties":{"id":"nga:4:12/2024","source":"nga","kind":"navarea","navArea":"IV","number":"12/2024","title":"WESTERN NORTH ATLANTIC.","text":"WESTERN NORTH ATLANTIC.\nUNDERWATER OPERATIONS IN PROGRESS UNTIL\nFURTHER NOTICE BY M/V BOURBON CALM\nAND M/V BOURBON SAPPHIRE\nIN AREAS BOUND BY\nA. 08-00.66N 056-44.58W, 08-00.66N 056-40.12W,\n   07-54.87N 056-40.12W, 07-54.87N 056-44.58W.\nB. 08-15.96N 057-02.23W, 08-15.96N 056-54.25W,\n   07-58.60N 056-54.25W, 07-58.60N 057-02.23W.\nC. 08-06.94N 056-49.93W, 08-06.94N 056-46.61W,\n   07-58.94N 056-46.61W, 07-58.94N 056-49.93W.\nWIDE BERTH REQUESTED.\n","issueDate":"031917Z JAN 2024","status":"in_force","authority":"OFFSHORE GUYANA 22/24 031800Z JAN 24.","coordsCount":12,"shape":"multi_area","zones":3,"subject":"NAV","hazard":null,"b2":"A"}},{"type":"Feature","geometry":{"type":"Point","coordinates":[-68.755,18.138333]},"properties":{"id":"nga:4:120/2022","source":"nga","kind":"navarea","navArea":"IV","number":"120/2022","title":"CARIBBEAN SEA.","text":"CARIBBEAN SEA.\nDOMINICAN REPUBLIC.\nCHART 25800.\nPUNTA LAGUNA LIGHT 18-08.3N 068-45.3W UNLIT.\n","issueDate":"031402Z FEB 2022","status":"in_force","authority":"NAVAREA IV 4/22 031332Z FEB 22.","coordsCount":1,"shape":"point","subject":"NAV","hazard":"obstruction","b2":"A"}},{"type":"Feature","geometry":{"type":"Point","coordinates":[-66.341833,58.902167]},"properties":{"id":"nga:4:1201/2023","source":"nga","kind":"navarea","navArea":"IV","number":"1201/2023","title":"HUDSON STRAIT.","text":"HUDSON STRAIT.\nCANADA.\nBEACON ISLAND RACON AT 58-54.13N 066-20.51W INOPERATIVE.\n","issueDate":"172226Z OCT 2023","status":"in_force","authority":"MCTS 236/23 172201Z OCT 23.","coordsCount":1,"shape":"point","subject":"NAV","hazard":null,"b2":"A"}},{"type":"Feature","geometry":{"type":"Point","coordinates":[-52.592,5.287]},"properties":{"id":"nga:4:1260/2023","source":"nga","kind":"navarea","navArea":"IV","number":"1260/2023","title":"WESTERN NORTH ATLANTIC.","text":"WESTERN NORTH ATLANTIC.\nFRENCH GUIANA.\nILE ROYALE LIGHT 05-17.22N 052-35.52W UNLIT.\n","issueDate":"310027Z OCT 2023","status":"in_force","authority":"AVURNAV CAYENNE 48/23 310008Z OCT 23.","coordsCount":1,"shape":"point","subject":"NAV","hazard":"obstruction","b2":"A"}},{"type":"Feature","geometry":{"type":"LineString","coordinates":[[-69.857833,13.172333],[-69.814333,12.929667],[-69.777667,12.7245],[-69.766667,12.663167],[-69.916667,13.795833],[-69.916667,13.5],[-69.893667,13.371667]]},"properties":{"id":"nga:4:127/2024","source":"nga","kind":"navarea","navArea":"IV","number":"127/2024","title":"CARIBBEAN SEA.","text":"CARIBBEAN SEA.\nARUBA.\nCABLE OPERATIONS IN PROGRESS UNTIL FURTHER NOTICE\nBY CABLESHIP PANAM ALONG TRACKLINES JOINING:\nA. 13-10.34N 069-51.47W, 12-55.78N 069-48.86W,\n   12-43.47N 069-46.66W, 12-39.79N 069-46.00W.\nB. 13-47.75N 069-55.00W, 13-30.00N 069-55.00W,\n   13-22.30N 069-53.62W.\nWIDE BERTH REQUESTED.\n","issueDate":"051805Z FEB 2024","status":"in_force","authority":"MERTECH MARINE 0/24 051601Z FEB 24.","coordsCount":7,"shape":"trackline","subject":"NAV","hazard":"cable","b2":"A"}},{"type":"Feature","geometry":{"type":"Point","coordinates":[-81.688333,12.55]},"properties":{"id":"nga:4:1280/2023","source":"nga","kind":"navarea","navArea":"IV","number":"1280/2023","title":"WESTERN CARIBBEAN SEA.","text":"WESTERN CARIBBEAN SEA.\nCOLOMBIA.\nRACON AT CAYO CORDOBA LIGHTHOUSE 12-33.0N 081-41.3W\nDISCONTINUED.\n","issueDate":"031839Z NOV 2023","status":"in_force","authority":"COLOMBIA 354/23 031251Z NOV 23.","coordsCount":1,"shape":"point","subject":"NAV","hazard":null,"b2":"A"}},{"type":"Feature","geometry":{"type":"LineString","coordinates":[[-84.665,22.303333],[-84.581667,22.371667]]},"properties":{"id":"nga:4:132/2023","source":"nga","kind":"navarea","navArea":"IV","number":"132/2023","title":"GULF OF MEXICO.","text":"GULF OF MEXICO.\nCUBA.\nCHART 27100\n1. LA TABLA LIGHT 22-18.20N 084-39.90W\n   CHANGED TO FL W 5 SEC 11 METERS 12 MILES.\n2. ZORRITA LIGHT 22-22.30N 084-34.90W\n   CHANGED TO FL W 7 SEC 11 METERS 12 MILES.\n3. CANCEL NAVAREA IV 54/23.\n","issueDate":"022036Z FEB 2023","status":"in_force","authority":"CUBA 0/23 021842Z FEB 23.","coordsCount":2,"shape":"line","subject":"NAV","hazard":null,"b2":"A"}},{"type":"Feature","geometry":{"type":"Point","coordinates":[-68.325,18.613333]},"properties":{"id":"nga:4:1377/2023","source":"nga","kind":"navarea","navArea":"IV","number":"1377/2023","title":"CARIBBEAN SEA.","text":"CARIBBEAN SEA.\nDOMINICAN REPUBLIC.\nCABO ENGANO LIGHTHOUSE 18-36.80N 068-19.50W UNLIT.\n","issueDate":"282019Z NOV 2023","status":"in_force","authority":"DOMINICAN REPUBLIC 12/23 282003Z NOV 23.","coordsCount":1,"shape":"point","subject":"NAV","hazard":"obstruction","b2":"A"}},{"type":"Feature","geometry":{"type":"Point","coordinates":[-87.835,18.274167]},"properties":{"id":"nga:4:1403/2023","source":"nga","kind":"navarea","navArea":"IV","number":"1403/2023","title":"WESTERN CARIBBEAN SEA.","text":"WESTERN CARIBBEAN SEA.\nMEXICO.\nXCALAK LIGHTHOUSE 18-16.45N 087-50.10W UNLIT.\n","issueDate":"041247Z DEC 2023","status":"in_force","authority":"MEXICO IV 16/23 041230Z DEC 23.","coordsCount":1,"shape":"point","subject":"NAV","hazard":"obstruction","b2":"A"}},{"type":"Feature","geometry":{"type":"Point","coordinates":[-91.398333,22.115]},"properties":{"id":"nga:4:1404/2023","source":"nga","kind":"navarea","navArea":"IV","number":"1404/2023","title":"GULF OF MEXICO.","text":"GULF OF MEXICO.\nCAYO ARENA LIGHTHOUSE 22-06.90N 91-23.90W UNLIT.\n","issueDate":"041256Z DEC 2023","status":"in_force","authority":"MEXICO IV 15/23 041231Z DEC 23.","coordsCount":1,"shape":"point","subject":"NAV","hazard":"obstruction","b2":"A"}},{"type":"Feature","geometry":{"type":"LineString","coordinates":[[-84.668333,22.305],[-84.475,22.475]]},"properties":{"id":"nga:4:1406/2023","source":"nga","kind":"navarea","navArea":"IV","number":"1406/2023","title":"GULF OF MEXICO.","text":"GULF OF MEXICO.\nCUBA.\n1. EL PINTO LIGHT, FL W 15 SEC 11 METERS 12 MILES\n   ESTABLISHED IN 22-18.30N 084-40.10W.\n2. QUEBRADO DE BUENAVISTA LIGHT, FL W 7 SEC\n   11 METERS 12 MILES  ESTABLISHED IN\n   22-28.50N 084-28.50W.\n","issueDate":"042034Z DEC 2023","status":"in_force","authority":"CUBA 13/23 042021Z DEC 23.","coordsCount":2,"shape":"line","subject":"NAV","hazard":null,"b2":"A"}},{"type":"Feature","geometry":{"type":"Point","coordinates":[-88.266667,16.108333]},"properties":{"id":"nga:4:141/2022","source":"nga","kind":"navarea","navArea":"IV","number":"141/2022","title":"GULF OF HONDURAS.","text":"GULF OF HONDURAS.\nBELIZE.\nCHART 28162.\n1. HUNTING CAY, ZAPODILLA CAYS LIGHT\n   16-06.5N 088-16.0W UNLIT.\n2. CANCEL NAVAREA IV 138/22.\n","issueDate":"081530Z FEB 2022","status":"in_force","authority":"BELIZE PORT AUTHORITY 080227Z FEB 22.","coordsCount":1,"shape":"point","subject":"NAV","hazard":"obstruction","b2":"A"}},{"type":"Feature","geometry":{"type":"Point","coordinates":[-61.108333,16.17]},"properties":{"id":"nga:4:1424/2023","source":"nga","kind":"navarea","navArea":"IV","number":"1424/2023","title":"EASTERN CARIBBEAN SEA.","text":"EASTERN CARIBBEAN SEA.\nGUADELOUPE.\nCHART 25563.\nILES DE PETITE TERRE LIGHT 16-10.20N 061-06.50W UNLIT.\n","issueDate":"090200Z DEC 2023","status":"in_force","authority":"AVURNAV LOCAL FORT DE FRANCE 1156/23 090101Z DEC 23.","coordsCount":1,"shape":"point","subject":"NAV","hazard":"obstruction","b2":"A"}},{"type":"Feature","geometry":{"type":"Point","coordinates":[-86.916667,20.836667]},"properties":{"id":"nga:4:144/2021","source":"nga","kind":"navarea","navArea":"IV","number":"144/2021","title":"WESTERN CARIBBEAN SEA.","text":"WESTERN CARIBBEAN SEA.\nMEXICO.\nCHART 28004.\nPUERTO MORELOS LIGHT 20-50.2N 086-55.0W UNRELIABLE.\n","issueDate":"162127Z FEB 2021","status":"in_force","authority":"MEXICO IV 21/21 161839Z FEB 21.","coordsCount":1,"shape":"point","subject":"NAV","hazard":null,"b2":"A"}},{"type":"Feature","geometry":{"type":"Point","coordinates":[-74.952833,11.0015]},"properties":{"id":"nga:4:1477/2023","source":"nga","kind":"navarea","navArea":"IV","number":"1477/2023","title":"CARIBBEAN SEA.","text":"CARIBBEAN SEA.\nCOLOMBIA.\nCHART 24480, 24490.\nWINDOW OF DREAMS LIGHT,\nOC W 4 SEC, 65 METERS, 20 MILES,\nESTABLISHED IN 11-00.09N 074-57.17W.\n","issueDate":"191559Z DEC 2023","status":"in_force","authority":"COLOMBIA 401/23 191513Z DEC 23.","coordsCount":1,"shape":"point","subject":"NAV","hazard":null,"b2":"A"}},{"type":"Feature","geometry":{"type":"Point","coordinates":[-79.825,9.418167]},"properties":{"id":"nga:4:15/2024","source":"nga","kind":"navarea","navArea":"IV","number":"15/2024","title":"WESTERN CARIBBEAN SEA.","text":"WESTERN CARIBBEAN SEA.\nPANAMA.\nCHART 26060.\nBUOY NO1 09-25.09N 079-49.50W DESTROYED.\n","issueDate":"041210Z JAN 2024","status":"in_force","authority":"PANAMA MARITIME AUTHORITY 0/24 040926Z JAN 24.","coordsCount":1,"shape":"point","subject":"NAV","hazard":null,"b2":"A"}},{"type":"Feature","geometry":{"type":"Point","coordinates":[-62.14,10.703333]},"properties":{"id":"nga:4:151/2024","source":"nga","kind":"navarea","navArea":"IV","number":"151/2024","title":"EASTERN CARIBBEAN SEA.","text":"EASTERN CARIBBEAN SEA.\nVENEZUELA.\nDNC 14.\nFARO PUNTA MEJILLONES LIGHT 10-42.20N 062-08.40W\nDISCONTINUED.\n","issueDate":"092147Z FEB 2024","status":"in_force","authority":"VENEZUELA 0/24 092100Z FEB 24.","coordsCount":1,"shape":"point","subject":"NAV","hazard":null,"b2":"A"}},{"type":"Feature","geometry":{"type":"Point","coordinates":[-65.178333,10.091667]},"properties":{"id":"nga:4:161/2024","source":"nga","kind":"navarea","navArea":"IV","number":"161/2024","title":"EASTERN CARIBBEAN SEA.","text":"EASTERN CARIBBEAN SEA.\nVENEZUELA.\nUNARE LIGHT 10-05.50N 065-10.70W DISCONTINUED.\n","issueDate":"131209Z FEB 2024","status":"in_force","authority":"VENEZUELA 3/24 131149Z FEB 24.","coordsCount":1,"shape":"point","subject":"NAV","hazard":null,"b2":"A"}},{"type":"Feature","geometry":{"type":"Point","coordinates":[-60.775833,11.1345]},"properties":{"id":"nga:4:177/2024","source":"nga","kind":"navarea","navArea":"IV","number":"177/2024","title":"EASTERN CARIBBEAN SEA.","text":"EASTERN CARIBBEAN SEA.\nTRINIDAD AND TOBAGO.\nSALVAGE AND OIL SPILL RESPONSE OPERATIONS IN PROGRESS\nUNTIL FURTHER NOTICE IN VICINITY 11-08.07N 060-46.55W.\nWIDE BERTH REQUESTED.\n","issueDate":"151307Z FEB 2024","status":"in_force","authority":"TRINIDAD AND TOBAGO 38/24 151248Z FEB 24.","coordsCount":1,"shape":"point","subject":"NAV","hazard":null,"b2":"A"}},{"type":"Feature","geometry":{"type":"Point","coordinates":[-81.122,14.481667]},"properties":{"id":"nga:4:178/2024","source":"nga","kind":"navarea","navArea":"IV","number":"178/2024","title":"WESTERN CARIBBEAN SEA.","text":"WESTERN CARIBBEAN SEA.\nCOLOMBIA.\nQUITA SUENO BANK LIGHT IN 14-28.90N 081-07.32W\nUNLIT.\n","issueDate":"151345Z FEB 2024","status":"in_force","authority":"COLOMBIA 49/24 151122Z FEB 24.","coordsCount":1,"shape":"point","subject":"NAV","hazard":"obstruction","b2":"A"}},{"type":"Feature","geometry":{"type":"LineString","coordinates":[[-68.092667,12.7025],[-67.766667,12.416667]]},"properties":{"id":"nga:4:206/2024","source":"nga","kind":"navarea","navArea":"IV","number":"206/2024","title":"CARIBBEAN SEA.","text":"CARIBBEAN SEA.\nNETHERLANDS ANTILLES.\nOIL SPILL RESPONSE OPERATIONS IN PROGRESS\nUNTIL FURTHER NOTICE IN VICINITY:\nA. 12-42.15N 068-05.56W.\nB. 12-25.00N 067-46.00W.\nWIDE BERTH REQUESTED.\n","issueDate":"240128Z FEB 2024","status":"in_force","authority":"DUTCH CARIBBEAN COAST GUARD 0/24 240000Z FEB 24.","coordsCount":2,"shape":"line","subject":"NAV","hazard":null,"b2":"A"}},{"type":"Feature","geometry":{"type":"Point","coordinates":[-68.326833,12.156167]},"properties":{"id":"nga:4:214/2024","source":"nga","kind":"navarea","navArea":"IV","number":"214/2024","title":"CARIBBEAN SEA.","text":"CARIBBEAN SEA.\nNETHERLANDS ANTILLES.\nKLEIN BONAIRE LIGHT 12-09.37N 068-19.61W UNLIT.\n","issueDate":"250657Z FEB 2024","status":"in_force","authority":"DUTCH CARIBBEAN COAST GUARD 0/24 250642Z FEB 24.","coordsCount":1,"shape":"point","subject":"NAV","hazard":"obstruction","b2":"A"}},{"type":"Feature","geometry":{"type":"Polygon","coordinates":[[[-63.069167,18.226667],[-63.078333,18.226667],[-63.078333,18.22],[-63.075,18.22],[-63.069167,18.226667]]]},"properties":{"id":"nga:4:222/2023","source":"nga","kind":"navarea","navArea":"IV","number":"222/2023","title":"EASTERN CARIBBEAN SEA.","text":"EASTERN CARIBBEAN SEA.\nANGUILLA.\nANCHORING PROHIBITED UNTIL FURTHER NOTICE\nIN AREA BOUND BY\n18-13.60N 063-04.15W, 18-13.60N 063-04.70W,\n18-13.20N 063-04.70W, 18-13.20N 063-04.50W.\nWIDE BERTH REQUESTED.\n","issueDate":"011529Z MAR 2023","status":"in_force","authority":"ANGUILLA 2/23 011507Z MAR 23.","coordsCount":4,"shape":"area","subject":"NAV","hazard":null,"b2":"A"}},{"type":"Feature","geometry":{"type":"Point","coordinates":[-70.695,19.803333]},"properties":{"id":"nga:4:227/2022","source":"nga","kind":"navarea","navArea":"IV","number":"227/2022","title":"WESTERN NORTH ATLANTIC.","text":"WESTERN NORTH ATLANTIC.\nDOMINICAN REPUBLIC.\nCHART 25720.\nPUERTO PLATA LIGHT 19-48.2N 070-41.7W UNLIT.\n","issueDate":"042307Z MAR 2022","status":"in_force","authority":"DOMINICAN REPUBLIC 6/22 042109Z MAR 22.","coordsCount":1,"shape":"point","subject":"NAV","hazard":"obstruction","b2":"A"}},{"type":"Feature","geometry":{"type":"Point","coordinates":[-61.490833,16.198333]},"properties":{"id":"nga:4:265/2023","source":"nga","kind":"navarea","navArea":"IV","number":"265/2023","title":"EASTERN CARIBBEAN SEA.","text":"EASTERN CARIBBEAN SEA.\nGUADELOUPE.\nCHART 25563.\n1. ILET A GOZIER LIGHT 16-11.90N 061-29.45W\n   UNLIT.\n2. CANCEL NAVAREA IV 1218/22.\n","issueDate":"101504Z MAR 2023","status":"in_force","authority":"WEST INDIES - COASTAL 6/23 101403Z MAR 23.","coordsCount":1,"shape":"point","subject":"NAV","hazard":"obstruction","b2":"A"}},{"type":"Feature","geometry":{"type":"Polygon","coordinates":[[[-63.1635,18.167833],[-63.166333,18.167833],[-63.166333,18.1705],[-63.163167,18.1705],[-63.1635,18.167833]]]},"properties":{"id":"nga:4:274/2023","source":"nga","kind":"navarea","navArea":"IV","number":"274/2023","title":"ANGUILLA.","text":"ANGUILLA.\nCHART 25600\nVESSEL AGROUND. NAVIGATION PROHIBITED\nIN AREA BOUND BY\n18-10.07N 063-09.81W, 18-10.07N 063-09.98W,\n18-10.23N 063-09.98W, 18-10.23N 063-09.79W.\nWIDE BERTH REQUESTED.\n","issueDate":"120543Z MAR 2023","status":"in_force","authority":"ANGUILLA 0/23 120401Z MAR 23.","coordsCount":4,"shape":"area","subject":"NAV","hazard":null,"b2":"A"}},{"type":"Feature","geometry":{"type":"Point","coordinates":[-57.9775,7.0445]},"properties":{"id":"nga:4:325/2024","source":"nga","kind":"navarea","navArea":"IV","number":"325/2024","title":"WESTERN NORTH ATLANTIC.","text":"WESTERN NORTH ATLANTIC.\nGUYANA.\nODAS BUOY ESTABLISHED IN 07-02.67N 057-58.65W.\n","issueDate":"211605Z MAR 2024","status":"in_force","authority":"GUYANA 48/24 211600Z MAR 24.","coordsCount":1,"shape":"point","subject":"NAV","hazard":null,"b2":"A"}},{"type":"Feature","geometry":{"type":"Point","coordinates":[-94.801667,18.525]},"properties":{"id":"nga:4:346/2021","source":"nga","kind":"navarea","navArea":"IV","number":"346/2021","title":"BAY OF CAMPECHE.","text":"BAY OF CAMPECHE.\nMEXICO.\nCHART 28310.\nPUNTA ZAPOTITLAN LIGHT 18-31.5N 094-48.1W\nUNRELIABLE.\n","issueDate":"272116Z APR 2021","status":"in_force","authority":"MEXICO IV 41/21 272112Z APR 21.","coordsCount":1,"shape":"point","subject":"NAV","hazard":null,"b2":"A"}},{"type":"Feature","geometry":{"type":"Point","coordinates":[-74.906667,20.693333]},"properties":{"id":"nga:4:35/2024","source":"nga","kind":"navarea","navArea":"IV","number":"35/2024","title":"OLD BAHAMA CHANNEL.","text":"OLD BAHAMA CHANNEL.\nCUBA.\nCHART 26240, 26260.\nCAYO MOA LIGHT, FL W 10 SEC 14 METERS\n10 MILES, ESTABLISHED IN 20-41.60N 074-54.40W.\n","issueDate":"102143Z JAN 2024","status":"in_force","authority":"CUBA 1/24 102000Z JAN 24.","coordsCount":1,"shape":"point","subject":"NAV","hazard":null,"b2":"A"}},{"type":"Feature","geometry":{"type":"Point","coordinates":[-87.43,20.211333]},"properties":{"id":"nga:4:356/2023","source":"nga","kind":"navarea","navArea":"IV","number":"356/2023","title":"WESTERN CARIBBEAN SEA.","text":"WESTERN CARIBBEAN SEA.\nMEXICO.\nCHART 28190.\nTULUM LIGHT 20-12.68N 087-25.80W UNLIT.\n","issueDate":"271913Z MAR 2023","status":"in_force","authority":"MEXICO IV 13/23 271728Z MAR 23.","coordsCount":1,"shape":"point","subject":"NAV","hazard":"obstruction","b2":"A"}},{"type":"Feature","geometry":{"type":"Point","coordinates":[-78.709,9.576833]},"properties":{"id":"nga:4:366/2023","source":"nga","kind":"navarea","navArea":"IV","number":"366/2023","title":"WESTERN CARIBBEAN SEA.","text":"WESTERN CARIBBEAN SEA.\nPANAMA.\nUNCHARTED REEF REPORTED IN 09-34.61N 078-42.54W.\n","issueDate":"301641Z MAR 2023","status":"in_force","authority":"M/V M.Y. TALITHA 0/23 301552Z MAR 23.","coordsCount":1,"shape":"point","subject":"NAV","hazard":null,"b2":"A"}},{"type":"Feature","geometry":{"type":"Point","coordinates":[-87.463333,19.785]},"properties":{"id":"nga:4:367/2022","source":"nga","kind":"navarea","navArea":"IV","number":"367/2022","title":"WESTERN CARIBBEAN SEA.","text":"WESTERN CARIBBEAN SEA.\nMEXICO.\nCHART 28190.\nPUNTA ALLEN LIGHT 19-47.1N 087-27.8W UNLIT.\n","issueDate":"151519Z APR 2022","status":"in_force","authority":"MEXICO IV 31/22 151230Z APR 22.","coordsCount":1,"shape":"point","subject":"NAV","hazard":"obstruction","b2":"A"}},{"type":"Feature","geometry":{"type":"Point","coordinates":[-71.6,10.634]},"properties":{"id":"nga:4:370/2023","source":"nga","kind":"navarea","navArea":"IV","number":"370/2023","title":"CARIBBEAN SEA.","text":"CARIBBEAN SEA.\nVENEZUELA.\n5.5 METER SHOAL IN 10-38.04N 071-36.00W.\n","issueDate":"010012Z APR 2023","status":"in_force","authority":"VENEZUELA 3/23 312356Z MAR 23.","coordsCount":1,"shape":"point","subject":"NAV","hazard":null,"b2":"A"}},{"type":"Feature","geometry":{"type":"Point","coordinates":[-68.162167,12.449]},"properties":{"id":"nga:4:403/2024","source":"nga","kind":"navarea","navArea":"IV","number":"403/2024","title":"CARIBBEAN SEA.","text":"CARIBBEAN SEA.\nBONAIRE.\nPARTIALLY SUBMERGED 32 FOOT LONG VESSEL,\nBLUE HULL, IN 12-26.94N 068-09.73W AT\n081024Z APR.\n","issueDate":"080928Z APR 2024","status":"in_force","authority":"DUTCH CARIBBEAN COAST GUARD 0/24 080917Z APR 24.","coordsCount":1,"shape":"point","subject":"NAV","hazard":null,"b2":"A"}},{"type":"Feature","geometry":{"type":"Point","coordinates":[-80.091833,13.5735]},"properties":{"id":"nga:4:437/2024","source":"nga","kind":"navarea","navArea":"IV","number":"437/2024","title":"WESTERN CARIBBEAN SEA.","text":"WESTERN CARIBBEAN SEA.\nCOLOMBIA.\nCAYO RONCADOR LIGHT 13-34.41N 080-05.51W UNLIT.\n","issueDate":"171715Z APR 2024","status":"in_force","authority":"COLOMBIA 111/24 171704Z APR 24.","coordsCount":1,"shape":"point","subject":"NAV","hazard":"obstruction","b2":"A"}},{"type":"Feature","geometry":{"type":"Point","coordinates":[-86.805,21.526667]},"properties":{"id":"nga:4:439/2022","source":"nga","kind":"navarea","navArea":"IV","number":"439/2022","title":"YUCATAN CHANNEL.","text":"YUCATAN CHANNEL.\nMEXICO.\nCHART 28210.\nISLA CONTOY LIGHT 21-31.60N 086-48.30W UNLIT.\n","issueDate":"070315Z MAY 2022","status":"in_force","authority":"MEXICO IV 79/21 061531Z MAY 22.","coordsCount":1,"shape":"point","subject":"NAV","hazard":"obstruction","b2":"A"}},{"type":"Feature","geometry":{"type":"Point","coordinates":[-77.158333,17.741667]},"properties":{"id":"nga:4:441/2022","source":"nga","kind":"navarea","navArea":"IV","number":"441/2022","title":"CARIBBEAN SEA.","text":"CARIBBEAN SEA.\nJAMAICA.\nCHART 26220.\nPORTLAND RIDGE LIGHT 17-44.50N 077-09.50W UNLIT.\n","issueDate":"070356Z MAY 2022","status":"in_force","authority":"JAMAICA PORT AUTHORITY 0/20 061534Z MAY 22.","coordsCount":1,"shape":"point","subject":"NAV","hazard":"obstruction","b2":"A"}},{"type":"Feature","geometry":{"type":"MultiPoint","coordinates":[[-61.751667,10.698333],[-61.926667,10.048333],[-61.361667,10.808333],[-60.85,11.15],[-60.546667,11.323333],[-60.65,11.183333]]},"properties":{"id":"nga:4:449/2024","source":"nga","kind":"navarea","navArea":"IV","number":"449/2024","title":"EASTERN CARIBBEAN SEA.","text":"EASTERN CARIBBEAN SEA.\nTRINIDAD AND TOBAGO.\nMULTIPLE LIGHTS UNLIT:\nA. CHACACHACARE LIGHT 10-41.9N 061-45.1W.\nB. PUNTA DEL ARENAL LIGHT 10-02.9N 061-55.6W.\nC. CHUPARA LIGHT 10-48.5N 061-21.7W.\nD. CROWN POINT LIGHT 11-09.0N 060-51.0W.\nE. MAN OF WAR BAY LIGHT 11-19.4N 060-32.8W.\nF. SMITHS ISLAND LIGHT 11-11.0N 060-39.0W.\n","issueDate":"191944Z APR 2024","status":"in_force","authority":"TRINIDAD AND TOBAGO 79/24 191802Z APR 24.","coordsCount":6,"shape":"points","subject":"NAV","hazard":"obstruction","b2":"A"}},{"type":"Feature","geometry":{"type":"MultiPoint","coordinates":[[-70.505,41.713333],[-79.95,32.845],[-76.01,36.728333],[-80.39,25.623333],[-89.945,29.885],[-66.1,18.45]]},"properties":{"id":"nga:4:460/2024","source":"nga","kind":"navarea","navArea":"IV","number":"460/2024","title":"ALL SERVICES UNRELIABLE AT USCG REMOTE","text":"ALL SERVICES UNRELIABLE AT USCG REMOTE\nCOMMUNICATION FACILITIES:\nA. BOSTON (F) 41-42.80N 070-30.30W.\nB. CHARLESTON (E) 32-50.70N 079-57.00W.\nC. CHESAPEAKE (N) 36-43.70N 076-00.60W.\nD. MIAMI (A) 25-37.40N 080-23.40W.\nE. NEW ORLEANS (G) 29-53.10N 089-56.70W.\nF. SAN JUAN (R) 18-27.00N 066-06.00W.\n","issueDate":"232009Z APR 2024","status":"in_force","authority":"COGARD COMMUNICATIONS COMMAND 0/24 232001Z APR 24.","coordsCount":6,"shape":"points","subject":"NAV","hazard":null,"b2":"A"}},{"type":"Feature","geometry":{"type":"Point","coordinates":[-68.866667,12.166667]},"properties":{"id":"nga:4:466/2024","source":"nga","kind":"navarea","navArea":"IV","number":"466/2024","title":"CARIBBEAN SEA.","text":"CARIBBEAN SEA.\nVENEZUELA.\nJRCC CURACAO 12-10.00N 068-52.00W MF DSC SERVICES\nOFF AIR.\n","issueDate":"241724Z APR 2024","status":"in_force","authority":"JRCC CURACAO 0/24 241700Z APR 24.","coordsCount":1,"shape":"point","subject":"NAV","hazard":null,"b2":"A"}},{"type":"Feature","geometry":{"type":"Point","coordinates":[-76.583333,39.266667]},"properties":{"id":"nga:4:490/2024","source":"nga","kind":"navarea","navArea":"IV","number":"490/2024","title":"WESTERN NORTH ATLANTIC.","text":"WESTERN NORTH ATLANTIC.\nMARYLAND.\n1. DUE TO MARINE CASUALTY, THE PORT OF BALTIMORE\n   39-16.00N 076-35.00W IS OPEN WITH RESTRICTIONS\n   UNTIL FURTHER NOTICE.\n2. CURRENT PORT INFORMATION CAN BE FOUND AT\n   HOMEPORT.USCG.MIL USING THE PORT DIRECTORY TAB.\n3. CANCEL NAVAREA IV 349/24.\n","issueDate":"011610Z MAY 2024","status":"in_force","authority":"SFH 0/24 011900Z MAY 24.","coordsCount":1,"shape":"point","subject":"NAV","hazard":null,"b2":"A"}},{"type":"Feature","geometry":{"type":"Point","coordinates":[-61.303,14.863]},"properties":{"id":"nga:4:500/2024","source":"nga","kind":"navarea","navArea":"IV","number":"500/2024","title":"EASTERN CARIBBEAN SEA.","text":"EASTERN CARIBBEAN SEA.\nMARTINIQUE.\n14 METER S/V SISYPHE, WHITE HULL, TAKING ON WATER\nIN 14-51.78N 061-18.18W. VESSELS IN VICINITY\nREQUESTED TO KEEP A SHARP LOOKOUT, ASSIST IF\nPOSSIBLE. REPORTS TO ANY COASTAL RADIO STATION.\n","issueDate":"040133Z MAY 2024","status":"in_force","authority":"AVURNAV LOCAL FORT DE FRANCE 1054/24 040100Z MAY 24.","coordsCount":1,"shape":"point","subject":"SAR","hazard":"sar","b2":"D"}},{"type":"Feature","geometry":{"type":"MultiPoint","coordinates":[[-92.051667,19.383333],[-90.368333,27.173333],[-92.031667,19.441667],[-94.468333,27.366667],[-92.443333,19.043333],[-91.973333,19.003333],[-92.855,18.663333],[-91.988333,19.501667],[-93.816667,18.375],[-93.336667,18.656667],[-92,19.506667],[-88.873333,28.25],[-91.593333,26.903333],[-91.248333,27.161667],[-88.338333,28.736667],[-89.161667,28.028333],[-88.04,28.608333],[-89.116667,28.16],[-94.743333,26.203333],[-91.2,27.161667],[-70.108333,12.441667],[-91.433333,28.255],[-92.526667,19.601667],[-93.441667,18.508333],[-93.36,18.485],[-93.123333,18.746667],[-89.216667,28.156667],[-94.885,26.11],[-90.268333,27.451667],[-94.886667,26.115],[-90.516667,27.326667],[-70.12,12.47],[-92.223333,19.596667],[-93.871667,18.336667],[-60.306667,9.995],[-93.261667,18.505],[-92.071667,19.508333],[-56.991667,8.01],[-56.913333,8.008333],[-90.275,27.193333],[-68.946667,12.055],[-88.773333,28.206667],[-90.201667,28.103333],[-90.523333,26.928333],[-92.233333,19.566667],[-97.68,22.653333],[-56.716667,7.916667],[-61.643333,10.356667],[-56.683333,7.95],[-92.021667,27.866667],[-89.118333,28.16],[-56.833333,8.033333],[-90.105,27.561667],[-56.97,8.161667],[-88.728333,28.47],[-55.548333,7.375],[-87.993333,28.956667],[-88.366667,28.033333],[-90.323333,27.148333],[-94.088333,18.305],[-89.213333,28.16],[-92.026667,19.483333],[-57.001667,8.195],[-93.893333,18.34],[-91.981667,19.515],[-90.156667,27.971667],[-56.85,7.966667],[-56.846667,7.963333],[-87.941667,28.345],[-88.606667,28.196667],[-88.478333,28.211667],[-91.761667,18.763333],[-92.468333,18.856667],[-60.59,10.088333],[-88.005,29.29],[-88.095,28.91],[-88.235,28.386667],[-96.758333,27.851667],[-61.645,10.676667],[-92.228333,19.585],[-92.873333,18.673333],[-92.258333,19.608333],[-92.135,26.213333],[-91.008333,27.028333],[-91.526667,28.52],[-91.673333,28.283333],[-92.201667,19.588333]]},"properties":{"id":"nga:4:517/2024","source":"nga","kind":"navarea","navArea":"IV","number":"517/2024","title":"1. NAVAREA IV MOBILE OFFSHORE DRILLING UNITS","text":"1. NAVAREA IV MOBILE OFFSHORE DRILLING UNITS\n   POSITIONS AT 081630Z MAY:\n   A. AGOSTO 12 19-23.0N 092-03.1W.\n   B. ARGOS 27-10.4N 090-22.1W.\n   C. ATLANTIS 19-26.5N 092-01.9W.\n   D. BLAKE 1007 27-22.0N 094-28.1W.\n   E. BORR HILD 19-02.6N 092-26.6W.\n   F. BORR RAN 19-00.2N 091-58.4W.\n   G. CAMPECHE 18-39.8N 092-51.3W.\n   H. CHIHUAHUA 19-30.1N 091-59.3W.\n   I. CME I 18-22.5N 093-49.0W.\n   J. CME II 18-39.4N 093-20.2W.\n   K. COATZACOALCOS 19-30.4N 092-00.0W.\n   L. DEEPWATER ASGARD 28-15.0N 088-52.4W.\n   M. DEEPWATER ATLAS 26-54.2N 091-35.6W.\n   N. DEEPWATER CONQUEROR 27-09.7N 091-14.9W.\n   O. DEEPWATER INVICTUS 28-44.2N 088-20.3W.\n   P. DEEPWATER PONTUS 28-01.7N 089-09.7W.\n   Q. DEEPWATER POSEIDON 28-36.5N 088-02.4W.\n   R. DEEPWATER PROTEUS 28-09.6N 089-07.0W.\n   S. DEEPWATER THALASSA 26-12.2N 094-44.6W.\n   T. DEEPWATER TITAN 27-09.7N 091-12.0W.\n   U. DEVELOPMENT DRILLER III 12-26.5N 070-06.5W.\n   V. ENTERPRISE 351 28-15.3N 091-26.0W.\n   W. FRIDA I 19-36.1N 092-31.6W.\n   X. GALAR 18-30.5N 093-26.5W.\n   Y. GERSEMI 18-29.1N 093-21.6W.\n   Z. GRID 18-44.8N 093-07.4W.\n   AA. H&P RIG 201 28-09.4N 089-13.0W.\n   AB. H&P RIG 205 26-06.6N 094-53.1W.\n   AC. (NEW POSITION) HELIX Q4000\n       27-27.1N 090-16.1W.\n   AD. HELIX Q5000 26-06.9N 094-53.2W.\n   AE. HOLSTEIN SPAR 27-19.6N 090-31.0W.\n   AF. INDEPENDENCIA 2 12-28.2N 070-07.2W.\n   AG. IOLAIR 19-35.8N 092-13.4W.\n   AH. JINDAL PIONEER 18-20.2N 093-52.3W.\n   AI. JOE DOUGLAS 09-59.7N 060-18.4W.\n   AJ. LA COVADONGA 18-30.3N 093-15.7W.\n   AK. LA SANTA MARIA 19-30.5N 092-04.3W.\n   AL. LIZA DESTINY 08-00.6N 056-59.5W.\n   AM. LIZA UNITY 08-00.5N 056-54.8W.\n   AN. MAD DOG 27-11.6N 090-16.5W.\n   AO. (NEW POSITION) MAERSK DISCOVERER\n       12-03.3N 068-56.8W.\n   AP. NABORS MODS 140 28-12.4N 088-46.4W.\n   AQ. NABORS MODS 200 28-06.2N 090-12.1W.\n   AR. NABORS MODS 400 26-55.7N 090-31.4W.\n   AS. NEPTUNO 19-34.0N 092-14.0W.\n   AT. NFE PIONEER III 22-39.2N 097-40.8W.\n   AU. NOBLE BOB DOUGLAS 07-55.0N 056-43.0W.\n   AV. (NEW RIG) NOBLE DEVELOPER\n       10-21.4N 061-38.6W.\n   AW. NOBLE DON TAYLOR 07-57.0N 056-41.0W.\n   AX. NOBLE GLOBETROTTER I 27-52.0N 092-01.3W.\n   AY. NOBLE GLOBETROTTER II 28-09.6N 089-07.1W.\n   AZ. NOBLE SAM CROFT 08-02.0N 056-50.0W.\n   AAA. NOBLE STANLEY LAFOSSE 27-33.7N 090-06.3W.\n   AAB. NOBLE TOM MADDEN 08-09.7N 056-58.2W.\n   AAC. NOBLE VALIANT 28-28.2N 088-43.7W.\n   AAD. NOBLE VOYAGER 07-22.5N 055-32.9W.\n   AAE. OCEAN BLACKHAWK 28-57.4N 087-59.6W.\n   AAF. OCEAN BLACKHORNET 28-02.0N 088-22.0W.\n   AAG. OCEAN BLACKLION 27-08.9N 090-19.4W.\n   AAH. ODIN 18-18.3N 094-05.3W.\n   AAI. OLYMPUS N88 28-09.6N 089-12.8W.\n   AAJ. PAPALOAPAN 19-29.0N 092-01.6W.\n   AAK. PROSPERITY 08-11.7N 057-00.1W.\n   AAL. RALPH COFFMAN 18-20.4N 093-53.6W.\n   AAM. SANDUNGA 19-30.9N 091-58.9W.\n   AAN. SEVAN LOUISIANA 27-58.3N 090-09.4W.\n   AAO. (NEW POSITION) STENA CARRON\n        07-58.0N 056-51.0W.\n   AAP. STENA DRILLMAX 07-57.8N 056-50.8W.\n   AAQ. STENA EVOLUTION 28-20.7N 087-56.5W.\n   AAR. STENA ICEMAX 28-11.8N 088-36.4W.\n   AAS. THUNDERHORSE PDQ 28-12.7N 088-28.7W.\n   AAT. TUXPAN 18-45.8N 091-45.7W.\n   AAU. UXPANAPA 18-51.4N 092-28.1W.\n   AAV. VALARIS 249 10-05.3N 060-35.4W.\n   AAW. VALARIS DPS-5 29-17.4N 088-00.3W.\n   AAX. VALARIS DS-16 28-54.6N 088-05.7W.\n   AAY. VALARIS DS-18 28-23.2N 088-14.1W.\n   AAZ. VALARIS EXL II 27-51.1N 096-45.5W.\n   AAAA. WELL SERVICES RIG 50 10-40.6N 061-38.7W.\n   AAAB. WEST COURAGEOUS 19-35.1N 092-13.7W.\n   AAAC. WEST DEFENDER 18-40.4N 092-52.4W.\n   AAAD. WEST INTREPID 19-36.5N 092-15.5W.\n   AAAE. WEST NEPTUNE 26-12.8N 092-08.1W.\n   AAAF. (NEW POSITION) WEST VELA\n         27-01.7N 091-00.5W.\n   AAAG. WFD 250 28-31.2N 091-31.6W.\n   AAAH. WFD 400 28-17.0N 091-40.4W.\n   AAAI. (NEW RIG) YUNUEN 19-35.3N 092-12.1W.\n2. TO REPORT A MOBILE OFFSHORE DRILLING UNIT AS\n   PER IMO RESOLUTION A.1023(26), PARAGRAPH 11.5.1,\n   CONTACT NAVSAFETY@NGA.MIL SUBJ: MODU REPORT.\n3. CANCEL NAVAREA IV 489/24.\n","issueDate":"081653Z MAY 2024","status":"in_force","authority":"SFH 0/24 081641Z MAY 24.","coordsCount":87,"shape":"points","subject":"NAV","hazard":"rig","b2":"A"}},{"type":"Feature","geometry":{"type":"Point","coordinates":[-67.979667,10.505833]},"properties":{"id":"nga:4:527/2023","source":"nga","kind":"navarea","navArea":"IV","number":"527/2023","title":"CARIBBEAN SEA.","text":"CARIBBEAN SEA.\nVENEZUELA.\nCHART 24450.\nDANGEROUS WRECK IN 10-30.35N 067-58.78W.\n","issueDate":"151738Z MAY 2023","status":"in_force","authority":"VENEZUELA 7/23 151513Z MAY 23.","coordsCount":1,"shape":"point","subject":"NAV","hazard":"obstruction","b2":"A"}},{"type":"Feature","geometry":{"type":"Point","coordinates":[-61.361667,10.808333]},"properties":{"id":"nga:4:56/2023","source":"nga","kind":"navarea","navArea":"IV","number":"56/2023","title":"EASTERN CARIBBEAN SEA.","text":"EASTERN CARIBBEAN SEA.\nTRINIDAD AND TOBAGO.\nCHART 24404.\nCHUPARA POINT LIGHT 10-48.50N 061-21.70W UNLIT.\n","issueDate":"132229Z JAN 2023","status":"in_force","authority":"TRINIDAD AND TOBAGO 5/23 132139Z JAN 23.","coordsCount":1,"shape":"point","subject":"NAV","hazard":"obstruction","b2":"A"}},{"type":"Feature","geometry":{"type":"Point","coordinates":[-61.926667,10.048333]},"properties":{"id":"nga:4:57/2023","source":"nga","kind":"navarea","navArea":"IV","number":"57/2023","title":"EASTERN CARIBBEAN SEA.","text":"EASTERN CARIBBEAN SEA.\nTRINIDAD AND TOBAGO.\nCHART 24404.\nPUNTA DEL ARENAL LIGHT 10-02.90N 061-55.60W UNLIT.\n","issueDate":"132241Z JAN 2023","status":"in_force","authority":"TRINIDAD AND TOBAGO 4/23 132139Z JAN 23.","coordsCount":1,"shape":"point","subject":"NAV","hazard":"obstruction","b2":"A"}},{"type":"Feature","geometry":{"type":"Point","coordinates":[-60.867833,14.392]},"properties":{"id":"nga:4:594/2023","source":"nga","kind":"navarea","navArea":"IV","number":"594/2023","title":"EASTERN CARIBBEAN SEA.","text":"EASTERN CARIBBEAN SEA.\nMARTINIQUE.\nILET CABRITS LIGHT 14-23.52N 060-52.07W\nOFF STATION.\n","issueDate":"310355Z MAY 2023","status":"in_force","authority":"AVURNAV LOCAL FORT DE FRANCE 1054/23 310200Z MAY 23.","coordsCount":1,"shape":"point","subject":"NAV","hazard":null,"b2":"A"}},{"type":"Feature","geometry":{"type":"Point","coordinates":[-97.741333,22.2775]},"properties":{"id":"nga:4:601/2023","source":"nga","kind":"navarea","navArea":"IV","number":"601/2023","title":"GULF OF MEXICO.","text":"GULF OF MEXICO.\nMEXICO.\nSAFE WATER BUOY RELOCATED TO 22-16.65N 097-44.48W.\n","issueDate":"312227Z MAY 2023","status":"in_force","authority":"MEXICO XII 13/23 312201Z MAY 23.","coordsCount":1,"shape":"point","subject":"NAV","hazard":null,"b2":"A"}},{"type":"Feature","geometry":{"type":"Point","coordinates":[-87.491667,17.47]},"properties":{"id":"nga:4:616/2023","source":"nga","kind":"navarea","navArea":"IV","number":"616/2023","title":"WESTERN CARIBBEAN SEA.","text":"WESTERN CARIBBEAN SEA.\nBELIZE.\nCHART 26167.\nSANDBORE CAY LIGHT 17-28.20N 087-29.50W UNLIT.\n","issueDate":"041724Z JUN 2023","status":"in_force","authority":"BELIZE PORT AUTHORITY 1/23 041601Z JUN 23.","coordsCount":1,"shape":"point","subject":"NAV","hazard":"obstruction","b2":"A"}},{"type":"Feature","geometry":{"type":"Point","coordinates":[-62.988167,17.477833]},"properties":{"id":"nga:4:635/2023","source":"nga","kind":"navarea","navArea":"IV","number":"635/2023","title":"EASTERN CARIBBEAN SEA.","text":"EASTERN CARIBBEAN SEA.\nNETHERLANDS ANTILLES.\nCHART 25600, 25550.\nLIGHT, FL R, TEMPORARILY ESTABLISHED IN 17-28.67N 062-59.29W.\n","issueDate":"091458Z JUN 2023","status":"in_force","authority":"DUTCH CARIBBEAN COAST GUARD 0/23 091103Z JUN 23.","coordsCount":1,"shape":"point","subject":"NAV","hazard":null,"b2":"A"}},{"type":"Feature","geometry":{"type":"Point","coordinates":[-62.988667,17.478]},"properties":{"id":"nga:4:637/2023","source":"nga","kind":"navarea","navArea":"IV","number":"637/2023","title":"EASTERN CARIBBEAN SEA.","text":"EASTERN CARIBBEAN SEA.\nNETHERLANDS ANTILLES.\nGREEN BUOY 17-28.68N 062-59.32W REMOVED.\n","issueDate":"091744Z JUN 2023","status":"in_force","authority":"DUTCH CARIBBEAN COAST GUARD 0/23 091738Z JUN 23.","coordsCount":1,"shape":"point","subject":"NAV","hazard":null,"b2":"A"}},{"type":"Feature","geometry":{"type":"Point","coordinates":[-60.845,11.148333]},"properties":{"id":"nga:4:66/2023","source":"nga","kind":"navarea","navArea":"IV","number":"66/2023","title":"EASTERN CARIBBEAN SEA.","text":"EASTERN CARIBBEAN SEA.\nTRINIDAD AND TOBAGO.\nCROWN POINT LIGHT 11-08.90N 060-50.70W UNLIT.\n","issueDate":"161220Z JAN 2023","status":"in_force","authority":"TRINIDAD AND TOBAGO 6/23 161207Z JAN 23.","coordsCount":1,"shape":"point","subject":"NAV","hazard":"obstruction","b2":"A"}},{"type":"Feature","geometry":{"type":"Point","coordinates":[-68.863667,12.171833]},"properties":{"id":"nga:4:721/2023","source":"nga","kind":"navarea","navArea":"IV","number":"721/2023","title":"CARIBBEAN SEA.","text":"CARIBBEAN SEA.\nCURACAO.\n1. NAVTEX STATION CURACAO (H)\n   12-10.31N 068-51.82W OFF AIR.\n2. CANCEL NAVAREA IV 1284/22.\n","issueDate":"271227Z JUN 2023","status":"in_force","authority":"DUTCH CARIBBEAN COAST GUARD 0/23 271219Z JUN 23.","coordsCount":1,"shape":"point","subject":"NAV","hazard":null,"b2":"A"}},{"type":"Feature","geometry":{"type":"Point","coordinates":[-68.643333,11.99]},"properties":{"id":"nga:4:748/2022","source":"nga","kind":"navarea","navArea":"IV","number":"748/2022","title":"CARIBBEAN SEA.","text":"CARIBBEAN SEA.\nCURACAO.\nKLEIN CURACAO LIGHT 11-59.4N 068-38.6W UNLIT.\n","issueDate":"011051Z AUG 2022","status":"in_force","authority":"CURACAO COAST GUARD 0/22 011002Z AUG 22.","coordsCount":1,"shape":"point","subject":"NAV","hazard":"obstruction","b2":"A"}},{"type":"Feature","geometry":{"type":"Point","coordinates":[-97.308333,20.973333]},"properties":{"id":"nga:4:778/2021","source":"nga","kind":"navarea","navArea":"IV","number":"778/2021","title":"BAY OF CAMPECHE.","text":"BAY OF CAMPECHE.\nMEXICO.\nCHART 28320.\nLA BARRA LIGHT 20-58.4N 097-18.5W UNRELIABLE.\n","issueDate":"311720Z AUG 2021","status":"in_force","authority":"MEXICO IV 65/21 311715Z AUG 21.","coordsCount":1,"shape":"point","subject":"NAV","hazard":null,"b2":"A"}},{"type":"Feature","geometry":{"type":"Point","coordinates":[-68.888333,59.006667]},"properties":{"id":"nga:4:792/2023","source":"nga","kind":"navarea","navArea":"IV","number":"792/2023","title":"HUDSON STRAIT.","text":"HUDSON STRAIT.\nCANADA.\nRACON AT NIPPER ISLAND 59-00.40N 068-53.30W\nINOPERATIVE.\n","issueDate":"140917Z JUL 2023","status":"in_force","authority":"MCTS 52/23 140907Z JUL 23.","coordsCount":1,"shape":"point","subject":"NAV","hazard":null,"b2":"A"}},{"type":"Feature","geometry":{"type":"Point","coordinates":[-91.838167,63.723833]},"properties":{"id":"nga:4:808/2023","source":"nga","kind":"navarea","navArea":"IV","number":"808/2023","title":"HUDSON BAY.","text":"HUDSON BAY.\nCANADA.\n12.2 METER SHOAL REPORTED IN 63-43.43N 091-50.29W.\n","issueDate":"182148Z JUL 2023","status":"in_force","authority":"NAVAREA XVIII 56/23 182100Z JUL 23.","coordsCount":1,"shape":"point","subject":"NAV","hazard":null,"b2":"A"}},{"type":"Feature","geometry":{"type":"Point","coordinates":[-88.613333,15.705]},"properties":{"id":"nga:4:811/2023","source":"nga","kind":"navarea","navArea":"IV","number":"811/2023","title":"GULF OF HONDURAS.","text":"GULF OF HONDURAS.\nGUATEMALA.\nODAS BUOY ESTABLISHED IN 15-42.30N 088-36.80W.\n","issueDate":"191821Z JUL 2023","status":"in_force","authority":"GUATEMALA 1/23 191801Z JUL 23.","coordsCount":1,"shape":"point","subject":"NAV","hazard":null,"b2":"A"}},{"type":"Feature","geometry":{"type":"Point","coordinates":[-68.866667,12.166667]},"properties":{"id":"nga:4:856/2022","source":"nga","kind":"navarea","navArea":"IV","number":"856/2022","title":"CARIBBEAN SEA.","text":"CARIBBEAN SEA.\nVENEZUELA.\n1. JRCC CURACAO 12-10.00N 068-52.00W MF DSC SERVICES\n   UNRELIABLE.\n2. CANCEL NAVAREA IV 855/22.\n","issueDate":"261419Z AUG 2022","status":"in_force","authority":"JRCC CURACAO 0/22 261355Z AUG 22.","coordsCount":1,"shape":"point","subject":"NAV","hazard":null,"b2":"A"}},{"type":"Feature","geometry":{"type":"Point","coordinates":[-87.965,15.865]},"properties":{"id":"nga:4:873/2023","source":"nga","kind":"navarea","navArea":"IV","number":"873/2023","title":"GULF OF HONDURAS.","text":"GULF OF HONDURAS.\nHONDURAS.\n1. PUERTO CORTES ENTRANCE BUOY 15-51.90N 087-57.90W\n   TEMPORARILY REMOVED.\n2. CANCEL NAVAREA IV 341/21.\n","issueDate":"041816Z AUG 2023","status":"in_force","authority":"HONDURAS 0/23 041601Z AUG 23.","coordsCount":1,"shape":"point","subject":"NAV","hazard":null,"b2":"A"}},{"type":"Feature","geometry":{"type":"Point","coordinates":[-59.995833,8.556667]},"properties":{"id":"nga:4:959/2023","source":"nga","kind":"navarea","navArea":"IV","number":"959/2023","title":"WESTERN NORTH ATLANTIC.","text":"WESTERN NORTH ATLANTIC.\nVENEZUELA.\nCHART 24390.\nCOROCORO ISLAND LIGHTHOUSE, FL 10 SEC 30 METERS\n35 MILES, ESTABLISHED IN 08-33.40N 059-59.75W.\n","issueDate":"250035Z AUG 2023","status":"in_force","authority":"VENEZUELA 15/23 242345Z AUG 23.","coordsCount":1,"shape":"point","subject":"NAV","hazard":null,"b2":"A"}},{"type":"Feature","geometry":{"type":"Point","coordinates":[-61.7075,-15.948333]},"properties":{"id":"nga:A:1293/2022","source":"nga","kind":"hydro","navArea":"HYDROLANT","number":"1293/2022","title":"EASTERN CARIBBEAN SEA.","text":"EASTERN CARIBBEAN SEA.\nGUADELOUPE.\nDNC 14.\nPOINTE DU VIEUX FORT LIGHT 15-56.90S 061-42.45W\nUNLIT.\n","issueDate":"161348Z MAY 2022","status":"in_force","authority":"WEST INDIES - COASTAL 12/22 161239Z MAY 22.","coordsCount":1,"shape":"point","subject":"NAV","hazard":"obstruction","b2":"A"}},{"type":"Feature","geometry":{"type":"Point","coordinates":[-1.866667,44.416667]},"properties":{"id":"nga:A:1361/2023","source":"nga","kind":"hydro","navArea":"HYDROLANT","number":"1361/2023","title":"BAY OF BISCAY.","text":"BAY OF BISCAY.\nFRANCE.\nDNC 08.\nUNEXPLODED ORDNANCE IN 44-25.00N 001-52.00W.\n","issueDate":"191706Z JUN 2023","status":"in_force","authority":"AVURNAV BREST 194/23 191649Z JUN 23.","coordsCount":1,"shape":"point","subject":"NAV","hazard":null,"b2":"A"}},{"type":"Feature","geometry":{"type":"Point","coordinates":[-4.770833,48.329833]},"properties":{"id":"nga:A:139/2024","source":"nga","kind":"hydro","navArea":"HYDROLANT","number":"139/2024","title":"BAY OF BISCAY.","text":"BAY OF BISCAY.\nFRANCE.\nDNC 20.\nST. MATHIEU LIGHT 48-19.79N 004-46.25W UNLIT.\n","issueDate":"180549Z JAN 2024","status":"in_force","authority":"AVURNAV BREST 16/24 180515Z JAN 24.","coordsCount":1,"shape":"point","subject":"NAV","hazard":"obstruction","b2":"A"}},{"type":"Feature","geometry":{"type":"Point","coordinates":[-2.3,46.266667]},"properties":{"id":"nga:A:142/2023","source":"nga","kind":"hydro","navArea":"HYDROLANT","number":"142/2023","title":"BAY OF BISCAY.","text":"BAY OF BISCAY.\nFRANCE.\nDNC 08.\nFISHING GEAR ABANDONED IN VICINITY\n46-16.00N 002-18.00W.\n","issueDate":"180919Z JAN 2023","status":"in_force","authority":"AVURNAV BREST 20/23 180910Z JAN 23.","coordsCount":1,"shape":"point","subject":"NAV","hazard":null,"b2":"A"}},{"type":"Feature","geometry":{"type":"Point","coordinates":[-1.766667,44.383333]},"properties":{"id":"nga:A:1435/2023","source":"nga","kind":"hydro","navArea":"HYDROLANT","number":"1435/2023","title":"BAY OF BISCAY.","text":"BAY OF BISCAY.\nFRANCE.\nDNC 08.\nUNEXPLODED ORDNANCE IN 44-23.00N 001-46.00W.\n","issueDate":"261350Z JUN 2023","status":"in_force","authority":"AVURNAV BREST 206/23 261335Z JUN 23.","coordsCount":1,"shape":"point","subject":"NAV","hazard":null,"b2":"A"}},{"type":"Feature","geometry":{"type":"Point","coordinates":[14.45,35.883333]},"properties":{"id":"nga:A:1484/2021","source":"nga","kind":"hydro","navArea":"HYDROLANT","number":"1484/2021","title":"EASTERN MEDITERRANEAN SEA.","text":"EASTERN MEDITERRANEAN SEA.\nMALTA.\nDNC 09.\n1. GPS UNRELIABLE IN VICINITY MALTA (35-53N 014-27E).\n2. CANCEL HYDROLANT 2442/20.\n","issueDate":"021141Z JUN 2021","status":"in_force","authority":"SFH 021139Z JUN 21.","coordsCount":1,"shape":"point","subject":"NAV","hazard":null,"b2":"A"}},{"type":"Feature","geometry":{"type":"Point","coordinates":[-1.938833,44.466667]},"properties":{"id":"nga:A:1632/2023","source":"nga","kind":"hydro","navArea":"HYDROLANT","number":"1632/2023","title":"BAY OF BISCAY.","text":"BAY OF BISCAY.\nFRANCE.\nDNC 08.\nUNEXPLODED ORDNANCE IN 44-28.00N 001-56.33W.\n","issueDate":"200437Z JUL 2023","status":"in_force","authority":"AVURNAV BREST 237/23 200434Z JUL 23.","coordsCount":1,"shape":"point","subject":"NAV","hazard":null,"b2":"A"}},{"type":"Feature","geometry":{"type":"Point","coordinates":[28.95,44.1435]},"properties":{"id":"nga:A:1645/2023","source":"nga","kind":"hydro","navArea":"HYDROLANT","number":"1645/2023","title":"BLACK SEA.","text":"BLACK SEA.\nROMANIA.\nDNC 10.\nHAZARDOUS OPERATIONS IN PROGRESS UNTIL\nFURTHER NOTICE IN AREA WITHIN ONE MILE OF\n44-08.61N 028-57.00E.\n","issueDate":"211707Z JUL 2023","status":"in_force","authority":"ROMANIA 95/23 211603Z JUL 23.","coordsCount":1,"shape":"point","subject":"NAV","hazard":null,"b2":"A"}},{"type":"Feature","geometry":{"type":"Polygon","coordinates":[[[-44.974167,-26.750667],[-46.672333,-26.7425],[-46.6845,-26.819833],[-47.108,-27.243167],[-47.271667,-27.467833],[-47.271667,-28.239],[-44.971,-28.239833],[-44.974167,-26.750667]]]},"properties":{"id":"nga:A:1757/2023","source":"nga","kind":"hydro","navArea":"HYDROLANT","number":"1757/2023","title":"WESTERN SOUTH ATLANTIC.","text":"WESTERN SOUTH ATLANTIC.\nBRAZIL.\nDNC 01.\n1. SURVEY OPERATIONS IN PROGRESS UNTIL 20 AUG BY\n   M/V RAMFORM TETHYS TOWING 12 8000 METER LONG\n   CABLES IN AREA BOUND BY\n   26-45.04S 044-58.45W, 26-44.55S 046-40.34W,\n   26-49.19S 046-41.07W, 27-14.59S 047-06.48W,\n   27-28.07S 047-16.30W, 28-14.34S 047-16.30W,\n   28-14.39S 044-58.26W.\n2. CANCEL HYDROLANT 1704/23.\n3. CANCEL THIS MSG 210001Z AUG 23.\n","issueDate":"082323Z AUG 2023","status":"in_force","authority":"NAVAREA V 284/23 082112Z AUG 23.","coordsCount":7,"shape":"area","subject":"NAV","hazard":"survey","b2":"A"}},{"type":"Feature","geometry":{"type":"Point","coordinates":[-69.693333,-52.556667]},"properties":{"id":"nga:A:1761/2022","source":"nga","kind":"hydro","navArea":"HYDROLANT","number":"1761/2022","title":"EASTERN SOUTH PACIFIC.","text":"EASTERN SOUTH PACIFIC.\nCHILE.\nDNC 07.\nRACON AT BAJO SATELITE LIGHT\n52-33.40S 069-41.60W AT REDUCED POWER.\n","issueDate":"131424Z JUL 2022","status":"in_force","authority":"NAVAREA XV 153/22 131412Z JUL 22.","coordsCount":1,"shape":"point","subject":"NAV","hazard":null,"b2":"A"}},{"type":"Feature","geometry":{"type":"Point","coordinates":[-6.5205,59.450667]},"properties":{"id":"nga:A:1828/2022","source":"nga","kind":"hydro","navArea":"HYDROLANT","number":"1828/2022","title":"EASTERN NORTH ATLANTIC.","text":"EASTERN NORTH ATLANTIC.\nSCOTLAND.\nDNC 19.\nOIL SPILL RESPONSE OPERATIONS IN PROGRESS UNTIL\nFURTHER NOTICE IN VICINITY 59-27.04N 006-31.23W.\nWIDE BERTH REQUESTED.\n","issueDate":"211906Z JUL 2022","status":"in_force","authority":"MRCC UK 0/22 211745Z JUL 22.","coordsCount":1,"shape":"point","subject":"NAV","hazard":null,"b2":"A"}},{"type":"Feature","geometry":{"type":"Point","coordinates":[-1.561667,46.245]},"properties":{"id":"nga:A:1892/2022","source":"nga","kind":"hydro","navArea":"HYDROLANT","number":"1892/2022","title":"BAY OF BISCAY.","text":"BAY OF BISCAY.\nFRANCE.\nDNC 08.\nLES BALEINES LIGHT IN 46-14.70N 001-33.70W UNLIT.\n","issueDate":"292328Z JUL 2022","status":"in_force","authority":"AVURNAV BREST 405/22 292323Z JUL 22.","coordsCount":1,"shape":"point","subject":"NAV","hazard":"obstruction","b2":"A"}},{"type":"Feature","geometry":{"type":"Point","coordinates":[-50.1355,-30.008167]},"properties":{"id":"nga:A:1902/2023","source":"nga","kind":"hydro","navArea":"HYDROLANT","number":"1902/2023","title":"WESTERN SOUTH ATLANTIC.","text":"WESTERN SOUTH ATLANTIC.\nBRAZIL.\nDNC 01.\nTRAMANDAI LIGHT 30-00.49S 050-08.13W RACON INOPERATIVE.\n","issueDate":"242200Z AUG 2023","status":"in_force","authority":"NAVAREA V COASTAL 469/23 242131Z AUG 23.","coordsCount":1,"shape":"point","subject":"NAV","hazard":null,"b2":"A"}},{"type":"Feature","geometry":{"type":"Point","coordinates":[30.161667,45.118333]},"properties":{"id":"nga:A:2017/2023","source":"nga","kind":"hydro","navArea":"HYDROLANT","number":"2017/2023","title":"BLACK SEA.","text":"BLACK SEA.\nROMANIA.\nDNC 10.\nMINES REPORTED IN AREA WITHIN FIVE MILES\nOF 45-07.10N 030-09.70E.\n","issueDate":"071541Z SEP 2023","status":"in_force","authority":"ROMANIA 111/23 071433Z SEP 23.","coordsCount":1,"shape":"point","subject":"NAV","hazard":null,"b2":"A"}},{"type":"Feature","geometry":{"type":"Point","coordinates":[-5.053,48.476]},"properties":{"id":"nga:A:2041/2023","source":"nga","kind":"hydro","navArea":"HYDROLANT","number":"2041/2023","title":"ENGLISH CHANNEL.","text":"ENGLISH CHANNEL.\nFRANCE.\nDNC 20.\n1. NAVTEX STATION CORSEN (A) 48-28.56N 005-03.18W\n   OFF AIR.\n2. CORSEN BROADCASTS WILL BE TRANSMITTED BY\n   NAVAREA II VIA SAFETYNET AND SAFETYCAST.\n3. CANCEL HYDROLANT 2064/22.\n","issueDate":"111533Z SEP 2023","status":"in_force","authority":"NAVAREA II 242/23 111501Z SEP 23.","coordsCount":1,"shape":"point","subject":"NAV","hazard":null,"b2":"A"}},{"type":"Feature","geometry":{"type":"Point","coordinates":[-1.942167,45.877833]},"properties":{"id":"nga:A:2247/2022","source":"nga","kind":"hydro","navArea":"HYDROLANT","number":"2247/2022","title":"BAY OF BISCAY.","text":"BAY OF BISCAY.\nFRANCE.\nDNC 08.\nSUBMERGED OBJECT IN 45-52.67N 001-56.53W.\n","issueDate":"071153Z SEP 2022","status":"in_force","authority":"AVURNAV BREST 465/22 071144Z SEP 22.","coordsCount":1,"shape":"point","subject":"NAV","hazard":null,"b2":"A"}},{"type":"Feature","geometry":{"type":"Point","coordinates":[-48.646667,-28.235]},"properties":{"id":"nga:A:2291/2023","source":"nga","kind":"hydro","navArea":"HYDROLANT","number":"2291/2023","title":"WESTERN SOUTH ATLANTIC.","text":"WESTERN SOUTH ATLANTIC.\nBRAZIL.\nDNC 01.\nMORRO DE IMBITUBA LIGHT 28-14.10S 048-38.80W UNLIT.\n","issueDate":"092148Z OCT 2023","status":"in_force","authority":"NAVAREA V COASTAL 574/23 092131Z OCT 23.","coordsCount":1,"shape":"point","subject":"NAV","hazard":"obstruction","b2":"A"}},{"type":"Feature","geometry":{"type":"Point","coordinates":[-4.805167,48.523167]},"properties":{"id":"nga:A:2324/2023","source":"nga","kind":"hydro","navArea":"HYDROLANT","number":"2324/2023","title":"BAY OF BISCAY.","text":"BAY OF BISCAY.\nFRANCE.\nDNC 20.\nLE FOUR LIGHT 48-31.39N 004-48.31W UNLIT.\n","issueDate":"131947Z OCT 2023","status":"in_force","authority":"AVURNAV BREST 335/23 131722Z OCT 23.","coordsCount":1,"shape":"point","subject":"NAV","hazard":"obstruction","b2":"A"}},{"type":"Feature","geometry":{"type":"Point","coordinates":[-51.481667,-31.7305]},"properties":{"id":"nga:A:2350/2023","source":"nga","kind":"hydro","navArea":"HYDROLANT","number":"2350/2023","title":"WESTERN SOUTH ATLANTIC.","text":"WESTERN SOUTH ATLANTIC.\nBRAZIL.\nDNC 07.\nRACON AT CONCEICAO LIGHT 31-43.83S 051-28.90W\nINOPERATIVE.\n","issueDate":"162336Z OCT 2023","status":"in_force","authority":"NAVAREA V COASTAL 587/23 162132Z OCT 23.","coordsCount":1,"shape":"point","subject":"NAV","hazard":null,"b2":"A"}},{"type":"Feature","geometry":{"type":"MultiPoint","coordinates":[[-49.185667,1.426833],[-49.157,1.441667],[-49.120333,1.460833]]},"properties":{"id":"nga:A:2362/2023","source":"nga","kind":"hydro","navArea":"HYDROLANT","number":"2362/2023","title":"WESTERN NORTH ATLANTIC.","text":"WESTERN NORTH ATLANTIC.\nBRAZIL.\nDNC 01.\nDEPTHS REPORTED:\nA. 8.8 METERS IN 01-25.61N 049-11.14W.\nB. 8.9 METERS IN 01-26.50N 049-09.42W.\nC. 9.3 METERS IN 01-27.65N 049-07.22W.\n","issueDate":"180539Z OCT 2023","status":"in_force","authority":"NAVAREA V 458/23 180402Z OCT 23.","coordsCount":3,"shape":"points","subject":"NAV","hazard":null,"b2":"A"}},{"type":"Feature","geometry":{"type":"MultiPoint","coordinates":[[-49.688833,1.110333],[-49.645,1.100333],[-49.628667,1.113167],[-49.578,1.084833],[-49.5725,1.102],[-49.552167,1.145333],[-49.5465,1.246],[-49.514833,1.185833],[-49.454167,1.179167],[-49.436,1.224333],[-49.491833,1.2145],[-49.4575,1.216667],[-49.446667,1.2445]]},"properties":{"id":"nga:A:2378/2023","source":"nga","kind":"hydro","navArea":"HYDROLANT","number":"2378/2023","title":"WESTERN NORTH ATLANTIC.","text":"WESTERN NORTH ATLANTIC.\nBRAZIL.\nDNC 01.\nDEPTHS REPORTED:\nA. 9.7 METERS IN 01-06.62N 049-41.33W.\nB. 5.5 METERS IN 01-06.02N 049-38.70W.\nC. 8.9 METERS IN 01-06.79N 049-37.72W.\nD. 8.8 METERS IN 01-05.09N 049-34.68W.\nE. 6.4 METERS IN 01-06.12N 049-34.35W.\nF. 12.0 METERS IN 01-08.72N 049-33.13W.\nG. 9.3 METERS IN 01-14.76N 049-32.79W.\nH. 12.6 METERS IN 01-11.15N 049-30.89W.\nI. 11.8 METERS IN 01-10.75N 049-27.25W.\nJ. 11.8 METERS IN 01-13.46N 049-26.16W.\nK. 12.3 METERS IN 01-12.87N 049-29.51W.\nL. 12.6 METERS IN 01-13.00N 049-27.45W.\nM. 11.9 METERS IN 01-14.67N 049-26.80W.\n","issueDate":"192152Z OCT 2023","status":"in_force","authority":"NAVAREA V COASTAL 594/23 192142Z OCT 23.","coordsCount":13,"shape":"points","subject":"NAV","hazard":null,"b2":"A"}},{"type":"Feature","geometry":{"type":"MultiPoint","coordinates":[[-49.536167,1.2635],[-49.505333,1.290833],[-49.3175,1.266667],[-49.104833,1.478333],[-49.050333,1.514]]},"properties":{"id":"nga:A:2379/2023","source":"nga","kind":"hydro","navArea":"HYDROLANT","number":"2379/2023","title":"WESTERN NORTH ATLANTIC.","text":"WESTERN NORTH ATLANTIC.\nBRAZIL.\nDNC 01.\nDEPTHS REPORTED:\nA. 7.2 METERS IN 01-15.81N 049-32.17W.\nB. 9.3 METERS IN 01-17.45N 049-30.32W.\nC. 9.7 METERS IN 01-16.00N 049-19.05W.\nD. 9.3 METERS IN 01-28.70N 049-06.29W.\nE. 9.8 METERS IN 01-30.84N 049-03.02W.\n","issueDate":"192159Z OCT 2023","status":"in_force","authority":"NAVAREA V COASTAL 595/23 192156Z OCT 23.","coordsCount":5,"shape":"points","subject":"NAV","hazard":null,"b2":"A"}},{"type":"Feature","geometry":{"type":"Point","coordinates":[-3.283333,47.033333]},"properties":{"id":"nga:A:2443/2023","source":"nga","kind":"hydro","navArea":"HYDROLANT","number":"2443/2023","title":"BAY OF BISCAY.","text":"BAY OF BISCAY.\nFRANCE.\nDNC 08.\nSUBMERGED ORANGE OBJECT IN VICINITY\n47-02.00N 003-17.00W.\n","issueDate":"260741Z OCT 2023","status":"in_force","authority":"AVURNAV BREST 354/23 260640Z OCT 23.","coordsCount":1,"shape":"point","subject":"NAV","hazard":null,"b2":"A"}},{"type":"Feature","geometry":{"type":"MultiPolygon","coordinates":[[[[30.751667,46.375],[30.885,46.336667],[30.785,46.198333],[30.666667,46.235],[30.521667,46.078333],[30.473333,46.076667],[30.751667,46.375]]],[[[30.473333,46.073333],[30.518333,46.075],[30.466667,45.966667],[30.305,45.801667],[29.998333,45.64],[29.78,45.521667],[29.746667,45.491667],[29.608333,45.476667],[30.473333,46.073333]]]]},"properties":{"id":"nga:A:2452/2023","source":"nga","kind":"hydro","navArea":"HYDROLANT","number":"2452/2023","title":"BLACK SEA.","text":"BLACK SEA.\nUKRAINE.\nDNC 10.\nMINING OPERATIONS IN PROGRESS UNTIL FURTHER NOTICE\nIN AREAS BOUND BY:\nA. 46-22.50N 030-45.10E, 46-20.20N 030-53.10E,\n   46-11.90N 030-47.10E, 46-14.10N 030-40.00E,\n   46-04.70N 030-31.30E, 46-04.60N 030-28.40E.\nB. 46-04.40N 030-28.40E, 46-04.50N 030-31.10E,\n   45-58.00N 030-28.00E, 45-48.10N 030-18.30E,\n   45-38.40N 029-59.90E, 45-31.30N 029-46.80E,\n   45-29.50N 029-44.80E, 45-28.60N 029-36.50E.\n","issueDate":"270038Z OCT 2023","status":"in_force","authority":"UKRAINE 8/22 262001Z OCT 23.","coordsCount":14,"shape":"multi_area","zones":2,"subject":"NAV","hazard":null,"b2":"A"}},{"type":"Feature","geometry":{"type":"MultiPoint","coordinates":[[-49.696333,1.043167],[-49.702833,1.0265],[-49.711,1.011333],[-49.692667,1.005],[-49.647833,0.993833],[-49.707333,0.990833],[-49.658333,0.981167],[-49.7835,0.974833],[-49.717,0.971333],[-49.662333,0.962167],[-49.726667,0.952167],[-49.680667,0.940333],[-49.741,0.9325],[-49.824167,0.930333],[-49.949667,0.866],[-49.883333,0.816167]]},"properties":{"id":"nga:A:2453/2023","source":"nga","kind":"hydro","navArea":"HYDROLANT","number":"2453/2023","title":"WESTERN NORTH ATLANTIC.","text":"WESTERN NORTH ATLANTIC.\nBRAZIL.\nDNC 01.\nDEPTHS REPORTED:\nA. 8.8 METERS IN 01-02.59N 049-41.78W.\nB. 8.3 METERS IN 01-01.59N 049-42.17W.\nC. 9.8 METERS IN 01-00.68N 049-42.66W.\nD. 9.7 METERS IN 01-00.30N 049-41.56W.\nE. 9.9 METERS IN 00-59.63N 049-38.87W.\nF. 7.5 METERS IN 00-59.45N 049-42.44W.\nG. 8.8 METERS IN 00-58.87N 049-39.50W.\nH. 8.7 METERS IN 00-58.49N 049-47.01W.\nI. 5.3 METERS IN 00-58.28N 049-43.02W.\nJ. 9.5 METERS IN 00-57.73N 049-39.74W.\nK. 9.8 METERS IN 00-57.13N 049-43.60W.\nL. 9.0 METERS IN 00-56.42N 049-40.84W.\nM. 9.7 METERS IN 00-55.95N 049-44.46W.\nN. 6.2 METERS IN 00-55.82N 049-49.45W.\nO. 16.2 METERS IN 00-51.96N 049-56.98W.\nP. 9.7 METERS IN 00-48.97N 049-53.00W.\n","issueDate":"270635Z OCT 2023","status":"in_force","authority":"NAVAREA V COASTAL 603/23 270117Z OCT 23.","coordsCount":16,"shape":"points","subject":"NAV","hazard":null,"b2":"A"}},{"type":"Feature","geometry":{"type":"LineString","coordinates":[[-72.916667,25.683333],[-72.945,25.456667]]},"properties":{"id":"nga:A:2483/2023","source":"nga","kind":"hydro","navArea":"HYDROLANT","number":"2483/2023","title":"WESTERN NORTH ATLANTIC.","text":"WESTERN NORTH ATLANTIC.\nDNC 16.\nROWBOAT ADRIFT IN VICINITY 25-41.00N 072-55.00W.\nTRANSPONDER ADRFIT IN VICINITY 25-27.40N 072-56.70W.\nVESSELS IN VICINITY REQUESTED TO KEEP A SHARP LOOKOUT, ASSIST IF\nPOSSIBLE. REPORTS TO JRCC MIAMI, PHONE: 305 415 6800,\nE-MAIL: JRCCMIAMI@USCG.MIL.\n","issueDate":"311725Z OCT 2023","status":"in_force","authority":"RCC MIAMI 0/23 311602Z OCT 23.","coordsCount":2,"shape":"line","subject":"NAV","hazard":null,"b2":"A"}},{"type":"Feature","geometry":{"type":"MultiPoint","coordinates":[[-44.1345,-2.104833],[-44.122,-2.046],[-44.088167,-2.043333],[-44.1315,-2.112333],[-44.140833,-2.121167]]},"properties":{"id":"nga:A:2490/2023","source":"nga","kind":"hydro","navArea":"HYDROLANT","number":"2490/2023","title":"WESTERN SOUTH ATLANTIC.","text":"WESTERN SOUTH ATLANTIC.\nBRAZIL.\nDNC 01.\nDEPTHS LESS THAN CHARTED IN:\nA. 02-06.29S 044-08.07W.\nB. 02-02.76S 044-07.32W.\nC. 02-02.60S 044-05.29W.\nD. 02-06.74S 044-07.89W.\nE. 02-07.27S 044-08.45W.\n","issueDate":"011104Z NOV 2023","status":"in_force","authority":"NAVAREA V COASTAL 608/23 010402Z NOV 23.","coordsCount":5,"shape":"points","subject":"NAV","hazard":null,"b2":"A"}},{"type":"Feature","geometry":{"type":"Point","coordinates":[-2.3185,48.683833]},"properties":{"id":"nga:A:2507/2023","source":"nga","kind":"hydro","navArea":"HYDROLANT","number":"2507/2023","title":"ENGLISH CHANNEL.","text":"ENGLISH CHANNEL.\nFRANCE.\nDNC 20.\nCAP FREHEL LIGHT 48-41.03N 002-19.11W UNLIT.\n","issueDate":"030339Z NOV 2023","status":"in_force","authority":"AVURNAV BREST 359/23 030303Z NOV 23.","coordsCount":1,"shape":"point","subject":"NAV","hazard":"obstruction","b2":"A"}},{"type":"Feature","geometry":{"type":"Point","coordinates":[-2.1025,49.149667]},"properties":{"id":"nga:A:2542/2023","source":"nga","kind":"hydro","navArea":"HYDROLANT","number":"2542/2023","title":"ENGLISH CHANNEL.","text":"ENGLISH CHANNEL.\nJERSEY.\nDNC 20.\nDEMIE DE PAS LIGHT 49-08.98N 002-06.15W UNLIT\nAND RACON INOPERATIVE.\n","issueDate":"071017Z NOV 2023","status":"in_force","authority":"WZ 0/23 071001Z NOV 23.","coordsCount":1,"shape":"point","subject":"NAV","hazard":"obstruction","b2":"A"}},{"type":"Feature","geometry":{"type":"Point","coordinates":[-61.108333,16.17]},"properties":{"id":"nga:A:2647/2021","source":"nga","kind":"hydro","navArea":"HYDROLANT","number":"2647/2021","title":"EASTERN CARIBBEAN SEA.","text":"EASTERN CARIBBEAN SEA.\nGUADELOUPE.\nDNC 14.\nILES DE PETITE TERRE LIGHT 16-10.2N 061-06.5W\nUNLIT.\n","issueDate":"271608Z OCT 2021","status":"in_force","authority":"WEST INDIES - COASTAL 271602Z OCT 21.","coordsCount":1,"shape":"point","subject":"NAV","hazard":"obstruction","b2":"A"}},{"type":"Feature","geometry":{"type":"Point","coordinates":[-3.07,58.738333]},"properties":{"id":"nga:A:2683/2023","source":"nga","kind":"hydro","navArea":"HYDROLANT","number":"2683/2023","title":"NORTH SEA.","text":"NORTH SEA.\nORKNEY ISLANDS.\nDNC 20.\n1. TARF LIGHT 58-44.30N 003-04.20W UNLIT.\n2. CANCEL HYDROLANT 2676/23.\n","issueDate":"211958Z NOV 2023","status":"in_force","authority":"WZ 949/23 211852Z NOV 23.","coordsCount":1,"shape":"point","subject":"NAV","hazard":"obstruction","b2":"A"}},{"type":"Feature","geometry":{"type":"Point","coordinates":[-3.508333,47.648333]},"properties":{"id":"nga:A:2686/2023","source":"nga","kind":"hydro","navArea":"HYDROLANT","number":"2686/2023","title":"BAY OF BISCAY.","text":"BAY OF BISCAY.\nFRANCE.\nDNC 08.\nPEN-MEN LIGHT 47-38.90N 003-30.50W\nRANGE REDUCED TO 15 MILES.\n","issueDate":"220753Z NOV 2023","status":"in_force","authority":"AVURNAV BREST 389/23 220448Z NOV 23.","coordsCount":1,"shape":"point","subject":"NAV","hazard":null,"b2":"A"}},{"type":"Feature","geometry":{"type":"LineString","coordinates":[[-69.883833,19.7495],[-28.427333,38.384167]]},"properties":{"id":"nga:A:2792/2023","source":"nga","kind":"hydro","navArea":"HYDROLANT","number":"2792/2023","title":"NORTH ATLANTIC.","text":"NORTH ATLANTIC.\nWESTERN NORTH ATLANTIC.\nAZORES TO DOMINICAN REPUBLIC.\nDNC 01, DNC 08, DNC 16.\n15 METER S/V GUAJIRA, ONE PERSON ON BOARD, OVERDUE\nDOMINICAN REPUBLIC (19-44.97N 69-53.03W)\nTO AZORES PORTUGAL (38-23.05N 28-25.64W).\nVESSELS IN VICINITY REQUESTED TO KEEP A SHARP\nLOOKOUT, ASSIST IF POSSIBLE.\nREPORTS TO RSC SAN JUAN,\nPHONE: 787 289 2041,\nE-MAIL: SSJCC@USCG.MIL.\n","issueDate":"031859Z DEC 2023","status":"in_force","authority":"RSC SAN JUAN 0/23 031822Z DEC 23.","coordsCount":2,"shape":"line","subject":"NAV","hazard":null,"b2":"A"}},{"type":"Feature","geometry":{"type":"Point","coordinates":[-50.097167,4.5445]},"properties":{"id":"nga:A:2793/2023","source":"nga","kind":"hydro","navArea":"HYDROLANT","number":"2793/2023","title":"WESTERN NORTH ATLANTIC.","text":"WESTERN NORTH ATLANTIC.\nBRAZIL.\nDNC 01.\nMAN OVERBOARD FROM M/V CAMARA II\nIN VICINITY 04-32.67N 050-05.83W AT 03 DEC.\nVESSELS IN VICINITY REQUESTED TO KEEP A SHARP\nLOOKOUT, ASSIST IF POSSIBLE.\nREPORTS TO MRCC BELEM,\nPHONE: 5591 3216 4030,\nEMAIL: MRCCBELEM@MARINHA.MIL.BR.\n","issueDate":"032342Z DEC 2023","status":"in_force","authority":"MRCC BELEM 0/23 032337Z DEC 23.","coordsCount":1,"shape":"point","subject":"SAR","hazard":"sar","b2":"D"}},{"type":"Feature","geometry":{"type":"Point","coordinates":[-41.9975,-23.016333]},"properties":{"id":"nga:A:2794/2023","source":"nga","kind":"hydro","navArea":"HYDROLANT","number":"2794/2023","title":"WESTERN SOUTH ATLANTIC.","text":"WESTERN SOUTH ATLANTIC.\nBRAZIL.\nDNC 01.\nM/V BP TORNADO V, TWO PERSONS ON BOARD, UNREPORTED\nLAST KNOWN POSITION IN 23-00.98S 041-59.85W ON\n12 NOV. VESSELS IN VICINITY REQUESTED TO KEEP\nA SHARP LOOKOUT, ASSIST IF POSSIBLE.\nREPORTS TO ANY COASTAL RADIO STATION.\n","issueDate":"040512Z DEC 2023","status":"in_force","authority":"NAVAREA V SAR 198/23 040310Z DEC 23.","coordsCount":1,"shape":"point","subject":"NAV","hazard":null,"b2":"A"}},{"type":"Feature","geometry":{"type":"Point","coordinates":[-91.543333,28.1335]},"properties":{"id":"nga:A:2799/2023","source":"nga","kind":"hydro","navArea":"HYDROLANT","number":"2799/2023","title":"GULF OF MEXICO.","text":"GULF OF MEXICO.\nLOUISIANA.\nDNC 15.\nMAN OVERBOARD FROM F/V MISS WINNIE\nIN 28-08.01N 091-32.60W AT 020759Z DEC.\nVESSELS IN VICINITY REQUESTED TO KEEP\nA SHARP LOOKOUT, ASSIST IF POSSIBLE.\nREPORTS TO RCC NEW ORLEANS,\nPHONE: 855 485 3727,\nEMAIL: D8COMMANDCENTER@USCG.MIL.\n","issueDate":"040811Z DEC 2023","status":"in_force","authority":"RCC NEW ORLEANS 0/23 040805Z DEC 23.","coordsCount":1,"shape":"point","subject":"SAR","hazard":"sar","b2":"D"}},{"type":"Feature","geometry":{"type":"Point","coordinates":[-39.137833,-17.6885]},"properties":{"id":"nga:A:28/2023","source":"nga","kind":"hydro","navArea":"HYDROLANT","number":"28/2023","title":"WESTERN SOUTH ATLANTIC.","text":"WESTERN SOUTH ATLANTIC.\nBRAZIL.\nDNC 01.\nPONTA DA BALEIA LIGHT 17-41.31S 039-08.27W UNLIT.\n","issueDate":"040021Z JAN 2023","status":"in_force","authority":"NAVAREA V COASTAL 2/23 040007Z JAN 23.","coordsCount":1,"shape":"point","subject":"NAV","hazard":"obstruction","b2":"A"}},{"type":"Feature","geometry":{"type":"LineString","coordinates":[[15.124333,37.534833],[15.647333,38.130667]]},"properties":{"id":"nga:A:2801/2023","source":"nga","kind":"hydro","navArea":"HYDROLANT","number":"2801/2023","title":"IONIAN SEA.","text":"IONIAN SEA.\nSICILY.\nDNC 09.\nMAN OVERBOARD FROM FERRY VESSEL IN VICINITY OF\nTRACKLINE JOINING 37-32.09N 015-07.46E AT\n031158Z DEC AND 38-07.84N 015-38.84E. VESSELS\nIN VICINITY REQUESTED TO KEEP A SHARP\nLOOKOUT, ASSIST IF POSSIBLE.\nREPORTS TO MRCC ROME,\nPHONE: 390 6592 4145, 3906 5908 4409,\nEMAIL: ITMRCC@MIT.GOV.IT.\n","issueDate":"041558Z DEC 2023","status":"in_force","authority":"MRCC ROME 0/23 041529Z DEC 23.","coordsCount":2,"shape":"trackline","subject":"SAR","hazard":"sar","b2":"D"}},{"type":"Feature","geometry":{"type":"Point","coordinates":[-6.301,44.876667]},"properties":{"id":"nga:A:2804/2023","source":"nga","kind":"hydro","navArea":"HYDROLANT","number":"2804/2023","title":"BAY OF BISCAY.","text":"BAY OF BISCAY.\nSPAIN.\nDNC 08.\nDISTRESS SIGNAL RECEIVED ON 121.5 AND 406 MHZ\nIN 44-52.60N 006-18.06W.\nVESSELS IN VICINITY REQUESTED TO KEEP A SHARP\nLOOKOUT, ASSIST IF POSSIBLE.\nREPORTS TO MRCC ETEL,\nPHONE: 332 9755 3535,\nEMAIL: ETEL@MRCCFR.EU.\n","issueDate":"042209Z DEC 2023","status":"in_force","authority":"MRCC ETEL 0/23 042158Z DEC 23.","coordsCount":1,"shape":"point","subject":"SAR","hazard":"sar","b2":"D"}},{"type":"Feature","geometry":{"type":"Point","coordinates":[-21.862167,21.361167]},"properties":{"id":"nga:A:2811/2023","source":"nga","kind":"hydro","navArea":"HYDROLANT","number":"2811/2023","title":"EASTERN NORTH ATLANTIC.","text":"EASTERN NORTH ATLANTIC.\nDNC 01.\nDISTRESS SIGNAL RECEIVED FROM S/V ESPLENDID UNO\nIN 21-21.67N 021-51.73W.\nVESSELS IN VICINITY REQUESTED TO KEEP A SHARP\nLOOKOUT, ASSIST IF POSSIBLE.\nREPORTS TO JRCC CABO VERDE,\nPHONE: 2382 325 555,\nEMAIL: JRCC.CV@GMAIL.COM.\n","issueDate":"052023Z DEC 2023","status":"in_force","authority":"JRCC CABO VERDE 0/23 052006Z DEC 23.","coordsCount":1,"shape":"point","subject":"SAR","hazard":"sar","b2":"D"}},{"type":"Feature","geometry":{"type":"Point","coordinates":[-50.33,13.313333]},"properties":{"id":"nga:A:2815/2023","source":"nga","kind":"hydro","navArea":"HYDROLANT","number":"2815/2023","title":"WESTERN NORTH ATLANTIC.","text":"WESTERN NORTH ATLANTIC.\nDNC 01.\nDISTRESS SIGNAL RECEIVED ON 406 MHZ FROM\n14 METER S/V SEA JESTER IN VICINITY\n13-18.80N 050-19.80W AT 060050Z DEC.\nVESSELS IN VICINITY REQUESTED TO KEEP A SHARP\nLOOKOUT, ASSIST IF POSSIBLE.\nREPORTS TO MRCC FORT DE FRANCE,\nPHONE: 5965 9670 9292,\nEMAIL: ANTILLES@MRCCFR.EU.\n","issueDate":"060231Z DEC 2023","status":"in_force","authority":"MRCC FORT DE FRANCE 0/23 060223Z DEC 23.","coordsCount":1,"shape":"point","subject":"SAR","hazard":"sar","b2":"D"}},{"type":"Feature","geometry":{"type":"Point","coordinates":[-45.995,13.816667]},"properties":{"id":"nga:A:2825/2023","source":"nga","kind":"hydro","navArea":"HYDROLANT","number":"2825/2023","title":"WESTERN NORTH ATLANTIC.","text":"WESTERN NORTH ATLANTIC.\nDNC 01.\nDISTRESS SIGNAL RECEIVED ON 406 MHZ FROM S/V LA PERLA\nIN 13-49.00N 045-59.70W AT 062144Z DEC.\nVESSELS IN VICINITY REQUESTED TO KEEP A SHARP\nLOOKOUT, ASSIST IF POSSIBLE.\nREPORTS TO MRCC FORT DE FRANCE,\nPHONE: 5965 9670 9292,\nEMAIL: ANTILLES@MRCCFR.EU.\n","issueDate":"062307Z DEC 2023","status":"in_force","authority":"MRCC FORT DE FRANCE 0/23 062256Z DEC 23.","coordsCount":1,"shape":"point","subject":"SAR","hazard":"sar","b2":"D"}},{"type":"Feature","geometry":{"type":"Point","coordinates":[-5.416667,53.466667]},"properties":{"id":"nga:A:2853/2023","source":"nga","kind":"hydro","navArea":"HYDROLANT","number":"2853/2023","title":"IRISH SEA.","text":"IRISH SEA.\nIRELAND.\nDNC 20.\nODAS BUOY M2 53-28.00N 005-25.00W UNLIT.\n","issueDate":"101536Z DEC 2023","status":"in_force","authority":"WZ 1002/23 101517Z DEC 23.","coordsCount":1,"shape":"point","subject":"NAV","hazard":"obstruction","b2":"A"}},{"type":"Feature","geometry":{"type":"LineString","coordinates":[[8.933333,43.518333],[9.408333,43.385],[9.485,43.37],[9.496667,43.366667],[9.53,43.345],[9.54,43.325],[9.705,42.93],[9.616667,43.116667],[9.64,43.033333],[9.67,42.945],[9.728333,42.926667],[9.833333,42.75]]},"properties":{"id":"nga:A:2905/2023","source":"nga","kind":"hydro","navArea":"HYDROLANT","number":"2905/2023","title":"LIGURIAN SEA.","text":"LIGURIAN SEA.\nTYRRHENIAN SEA.\nCORSICA.\nDNC 08.\nCABLE OPERATIONS IN PROGRESS UNTIL FURTHER NOTICE\nBY CABLESHIP RESPONDER ALONG TRACKLINE JOINING\n43-31.10N 008-56.00E, 43-23.10N 009-24.50E,\n43-22.20N 009-29.10E, 43-22.00N 009-29.80E,\n43-20.70N 009-31.80E, 43-19.50N 009-32.40E,\n42-55.80N 009-42.30E, 43-07.00N 009-37.00E,\n43-02.00N 009-38.40E, 42-56.70N 009-40.20E,\n42-55.60N 009-43.70E, 42-45.00N 009-50.00E.\nWIDE BERTH REQUESTED.\n","issueDate":"181554Z DEC 2023","status":"in_force","authority":"C/S RESPONDER 0/23 181543Z DEC 23.","coordsCount":12,"shape":"trackline","subject":"NAV","hazard":"cable","b2":"A"}},{"type":"Feature","geometry":{"type":"Polygon","coordinates":[[[31.25,33.648333],[31.25,33.5],[31.428333,33.5],[31.631667,33.125],[29.575,32],[29.156667,32],[28.391667,32.963333],[29.785,33.741667],[30.253333,33.786667],[30.318333,33.8],[30.691667,33.835],[31.25,33.648333]]]},"properties":{"id":"nga:A:2939/2023","source":"nga","kind":"hydro","navArea":"HYDROLANT","number":"2939/2023","title":"EASTERN MEDITERRANEAN SEA.","text":"EASTERN MEDITERRANEAN SEA.\nEGYPT.\nDNC 10.\nSURVEY OPERATIONS 270001Z DEC UNTIL FURTHER\nNOTICE BY M/V RAMFORM TITAN IN AREA BOUND BY\n33-38.90N 031-15.00E, 33-30.00N 031-15.00E,\n33-30.00N 031-25.70E, 33-07.50N 031-37.90E,\n32-00.00N 029-34.50E, 32-00.00N 029-09.40E,\n32-57.80N 028-23.50E, 33-44.50N 029-47.10E,\n33-47.20N 030-15.20E, 33-48.00N 030-19.10E,\n33-50.10N 030-41.50E.\nEIGHT MILE BERTH REQUESTED.\n","issueDate":"251230Z DEC 2023","status":"in_force","authority":"M/V RAMFORM TITAN 0/23 251143Z DEC 23.","coordsCount":11,"shape":"area","subject":"NAV","hazard":"survey","b2":"A"}},{"type":"Feature","geometry":{"type":"Point","coordinates":[-2.67,58.896667]},"properties":{"id":"nga:A:329/2024","source":"nga","kind":"hydro","navArea":"HYDROLANT","number":"329/2024","title":"NORTH SEA.","text":"NORTH SEA.\nSHETLAND ISLANDS.\nDNC 20.\nCOPINSAY LIGHT 58-53.80N 002-40.20W UNRELIABLE.\n","issueDate":"170059Z FEB 2024","status":"in_force","authority":"WZ 135/24 170002Z FEB 24.","coordsCount":1,"shape":"point","subject":"NAV","hazard":null,"b2":"A"}},{"type":"Feature","geometry":{"type":"Polygon","coordinates":[[[14.18,-30.94],[13.34,-30.65],[13.13,-30.47],[13.73,-30.06],[14.43,-30.03],[14.18,-30.94]]]},"properties":{"id":"nga:A:360/2024","source":"nga","kind":"hydro","navArea":"HYDROLANT","number":"360/2024","title":"EASTERN SOUTH ATLANTIC.","text":"EASTERN SOUTH ATLANTIC.\nDNC 01.\n1. SURVEY OPERATIONS IN PROGRESS UNTIL FURTHER\n   NOTICE BY M/V RAMFORM ATLAS TOWING\n   12 8000 METER LONG CABLES IN AREA BOUND BY\n   30-56.40S 014-10.80E, 30-39.00S 013-20.40E,\n   30-28.20S 013-07.80E, 30-03.60S 013-43.80E,\n   30-01.80S 014-25.80E.\n   EIGHT MILE BERTH REQUESTED.\n2. CANCEL HYDROLANT 18/24.\n","issueDate":"201740Z FEB 2024","status":"in_force","authority":"NAVAREA VII 64/24 201527Z FEB 24.","coordsCount":5,"shape":"area","subject":"NAV","hazard":"survey","b2":"A"}},{"type":"Feature","geometry":{"type":"Polygon","coordinates":[[[-67.945833,-52.9095],[-67.444667,-52.894167],[-67.341833,-52.991333],[-67.095333,-52.898167],[-66.839333,-52.9485],[-66.536,-53.241167],[-65.654167,-53.239667],[-65.6455,-54.192],[-66.377167,-54.1965],[-66.5925,-54.063167],[-66.9875,-53.927833],[-67.8995,-53.0305],[-67.945833,-52.9095]]]},"properties":{"id":"nga:A:444/2024","source":"nga","kind":"hydro","navArea":"HYDROLANT","number":"444/2024","title":"WESTERN SOUTH ATLANTIC.","text":"WESTERN SOUTH ATLANTIC.\nARGENTINA.\nDNC 07.\n1. SURVEY OPERATIONS IN PROGRESS UNTIL FURTHER NOTICE\n   BY M/V BGP PROSPECTOR TOWING 12 7000 METER LONG\n   CABLES IN AREA BOUND BY\n   52-54.57S 067-56.75W, 52-53.65S 067-26.68W,\n   52-59.48S 067-20.51W, 52-53.89S 067-05.72W,\n   52-56.91S 066-50.36W, 53-14.47S 066-32.16W,\n   53-14.38S 065-39.25W, 54-11.52S 065-38.73W,\n   54-11.79S 066-22.63W, 54-03.79S 066-35.55W,\n   53-55.67S 066-59.25W, 53-01.83S 067-53.97W.\n   SEVEN MILE BERTH REQUESTED.\n2. CANCEL HYDROLANT 386/24.\n","issueDate":"041405Z MAR 2024","status":"in_force","authority":"NAVAREA VI 80/24 041335Z MAR 24.","coordsCount":12,"shape":"area","subject":"NAV","hazard":"survey","b2":"A"}},{"type":"Feature","geometry":{"type":"Point","coordinates":[-50.7875,0.191833]},"properties":{"id":"nga:A:512/2024","source":"nga","kind":"hydro","navArea":"HYDROLANT","number":"512/2024","title":"WESTERN NORTH ATLANTIC.","text":"WESTERN NORTH ATLANTIC.\nBRAZIL.\nDNC 01.\nPAU CAVADO LIGHT 00-11.51N 050-47.25W UNRELIABLE.\n","issueDate":"122345Z MAR 2024","status":"in_force","authority":"NAVAREA V COASTAL 137/24 122341Z MAR 24.","coordsCount":1,"shape":"point","subject":"NAV","hazard":null,"b2":"A"}},{"type":"Feature","geometry":{"type":"Point","coordinates":[-38.001667,-12.5775]},"properties":{"id":"nga:A:522/2024","source":"nga","kind":"hydro","navArea":"HYDROLANT","number":"522/2024","title":"WESTERN SOUTH ATLANTIC.","text":"WESTERN SOUTH ATLANTIC.\nBRAZIL.\nDNC 01.\nGARCIA DAVILA LIGHT 12-34.65S 038-00.10W UNLIT.\n","issueDate":"131931Z MAR 2024","status":"in_force","authority":"NAVAREA V COASTAL 141/24 131909Z MAR 24.","coordsCount":1,"shape":"point","subject":"NAV","hazard":"obstruction","b2":"A"}},{"type":"Feature","geometry":{"type":"MultiPolygon","coordinates":[[[[33.213333,46.066667],[33.231667,46.051667],[33.135,45.926667],[32.908333,45.955],[33.113333,46.015],[33.213333,46.066667]]],[[[32.09,46.106667],[32.888333,45.956667],[32.783333,45.82],[32.04,45.995],[32.09,46.106667]]],[[[32.11,46.156667],[32.091667,46.116667],[32.903333,45.97],[33.091667,45.991667],[33.091667,46.015],[33.08,46.015],[32.11,46.156667]]],[[[31.02,46.54],[31.438333,46.543333],[31.465,46.466667],[31.013333,46.465],[31.02,46.54]]],[[[31.531667,46.37],[31.526667,46.61],[31.001667,46.6],[30.74,46.525],[31.531667,46.37]]]]},"properties":{"id":"nga:A:564/2022","source":"nga","kind":"hydro","navArea":"HYDROLANT","number":"564/2022","title":"BLACK SEA.","text":"BLACK SEA.\nUKRAINE.\nDNC 10.\nMINING OPERATIONS IN PROGRESS UNTIL FURTHER NOTICE\nIN AREAS BOUND BY:\nA. 46-04.0N 033-12.8E, 46-03.1N 033-13.9E,\n   45-55.6N 033-08.1E, 45-57.3N 032-54.5E,\n   46-00.9N 033-06.8E.\nB. 46-06.4N 032-05.4E, 45-57.4N 032-53.3E,\n   45-49.2N 032-47.0E, 45-59.7N 032-02.4E.\nC. 46-09.4N 032-06.6E, 46-07.0N 032-05.5E,\n   45-58.2N 032-54.2E, 45-59.5N 033-05.5E,\n   46-00.9N 033-05.5E, 46-00.9N 033-04.8E.\nD. 46-32.4N 031-01.2E, 46-32.6N 031-26.3E,\n   46-28.0N 031-27.9E, 46-27.9N 031-00.8E.\nE. 46-22.2N 031-31.9E, 46-36.6N 031-31.6E,\n   46-36.0N 031-00.1E, 46-31.5N 030-44.4E.\n","issueDate":"251438Z FEB 2022","status":"in_force","authority":"NAVAREA III 92/22 251205Z FEB 22.","coordsCount":23,"shape":"multi_area","zones":5,"subject":"NAV","hazard":null,"b2":"A"}},{"type":"Feature","geometry":{"type":"Point","coordinates":[-34.583,-6.883]},"properties":{"id":"nga:A:643/2023","source":"nga","kind":"hydro","navArea":"HYDROLANT","number":"643/2023","title":"WESTERN SOUTH ATLANTIC.","text":"WESTERN SOUTH ATLANTIC.\nBRAZIL.\nDNC 01.\nMAN OVERBOARD FROM VESSEL IN\n06-52.98S 034-34.98W. VESSELS IN\nVICINITY REQUESTED TO KEEP A SHARP LOOKOUT,\nASSIST IF POSSIBLE. REPORTS TO ANY COASTAL\nRADIO STATION.\n","issueDate":"240126Z MAR 2023","status":"in_force","authority":"NAVAREA V SAR 9/23 240028Z MAR 23.","coordsCount":1,"shape":"point","subject":"SAR","hazard":"sar","b2":"D"}},{"type":"Feature","geometry":{"type":"Point","coordinates":[2.985,53.178333]},"properties":{"id":"nga:A:673/2024","source":"nga","kind":"hydro","navArea":"HYDROLANT","number":"673/2024","title":"NORTH SEA.","text":"NORTH SEA.\nENGLAND.\nDNC 20.\n1. HUMBER MET MAST 53-10.70N 002-59.10E UNLIT\n   AND NAVAIDS INOPERATIVE.\n2. CANCEL HYDROLANT 351/24.\n","issueDate":"011617Z APR 2024","status":"in_force","authority":"WZ 249/24 011601Z APR 24.","coordsCount":1,"shape":"point","subject":"NAV","hazard":"obstruction","b2":"A"}},{"type":"Feature","geometry":{"type":"MultiPolygon","coordinates":[[[[30.166667,45],[30.416667,44.916667],[30.416667,44.833333],[30.166667,44.833333],[30.166667,45]]],[[[30.8395,46.499667],[30.898333,46.508],[30.898333,46.423],[30.876667,46.423],[30.8395,46.499667]]],[[[30.876667,46.423],[30.795,46.366667],[30.7715,46.359167],[30.711667,46.333333],[30.696833,46.314],[30.676667,46.318667],[30.876667,46.423]]],[[[30.841833,46.5],[30.773333,46.5],[30.767333,46.498333],[30.742333,46.499833],[30.841833,46.5]]],[[[30.898333,46.508],[30.898333,46.530667],[31.001,46.556],[31.016667,46.603167],[30.898333,46.508]]]]},"properties":{"id":"nga:A:682/2024","source":"nga","kind":"hydro","navArea":"HYDROLANT","number":"682/2024","title":"BLACK SEA.","text":"BLACK SEA.\nUKRAINE.\nDNC 10.\n1. UKRAINIAN COASTAL WARNING COORDINATOR HAS\n   DECLARED THE FOLLOWING COASTAL APROACH\n   INSTRUCTIONS FOR ENTRY OR DEPARTURE IN UKRAINIAN\n   PORTS 0200Z TO 1700Z DAILY UNTIL FUTHER NOTICE.\n2. ROUTES TO THE PORTS OF UKRAINE:\n   A. ROUTE FOR VESSELS WITH A DRAFT OF UP TO\n      EIGHT METERS WITHIN THREE MILES OF\n      TRACKLINE JOINING\n      45-05.00N 030-03.00E, 45-14.00N 030-01.00E,\n      45-39.00N 030-05.70E, 45-47.80N 030-22.70E.\n   B. ROUTE FOR VESSELS WITH A DRAFT OF\n      UP TO EIGHT METERS WITHIN ONE MILE OF\n      TRACKLINE JOINING\n      45-47.80N 030-22.70E, 45-58.86N 030-30.79E,\n      46-03.40N 030-32.60E, 46-10.81N 030-40.84E,\n      46-19.84N 030-48.00E, 46-25.38N 030-53.23E.\n   C. TWO-WAY ROUTE FOR VESSELS WITH DRAFT UP TO 12\n      METERS WITHIN THREE MILES OF TRACKLINE JOINING\n      45-05.00N 030-03.00E, 45-14.00N 030-01.00E,\n      45-39.00N 030-05.70E, 46-00.00N 030-57.80E,\n      46-02.80N 031-04.40E, 46-19.30N 031-04.40E,\n      46-26.30N 030-53.90E.\n   D. TWO-WAY ROUTE FOR VESSELS OVER 12 METERS\n      DRAFT WITHIN THREE MILES OF TRACKLINE JOINING\n      45-03.90N 030-18.50E, 45-33.80N 030-36.90E,\n      46-00.00N 030-57.80E, 46-02.80N 031-04.40E,\n      46-19.30N 031-04.40E, 46-26.30N 030-53.90E.\n   E. SOUTHERN TEMPORARY WAITING AREA FOR VESSELS\n      GOING TO THE PORTS OF CHORNOMORSK, ODESA,\n      OR PIVDENNYI MAY BE USED TO WAIT FOR\n      TRANSITING THE ROUTES DURING ALLOWED TIMES\n      IN AREA BOUND BY\n      45-00.00N 030-10.00E, 44-55.00N 030-25.00E,\n      44-50.00N 030-25.00E, 44-50.00N 030-10.00E.\n   F. NORTHERN HOLDING AREA AR 354 USED FOR SHORT\n      STAYING VESSELS IN EMERGENCY CASES\n      IN AREA BOUND BY\n      46-29.98N 030-50.37E, 46-30.48N 030-53.90E,\n      46-25.38N 030-53.90E, 46-25.38N 030-52.60E.\n   G. CHORNOMORSK TO NORTHERN HOLDING AREA CHANNEL\n      WITHIN 200 METERS OF TRACKLINE JOINING\n      46-25.38N 030-52.60E, 46-22.00N 030-47.70E,\n      46-21.55N 030-46.29E, 46-20.00N 030-42.70E,\n      46-18.84N 030-41.81E, 46-19.12N 030-40.60E.\n   H. ODESA TO NORTHERN HOLDING AREA CHANNEL\n      WITHIN 200 METERS OF TRACKLINE JOINING\n      46-30.00N 030-50.51E, 46-30.00N 030-46.40E,\n      46-29.90N 030-46.04E, 46-29.99N 030-44.54E.\n   I. PIVDENNYI TO NORTHERN HOLDING AREA CHANNEL\n      WITHIN 200 METERS OF TRACKLINE JOINING\n      46-30.48N 030-53.90E, 46-31.84N 030-53.90E,\n      46-33.36N 031-00.06E, 46-36.19N 031-01.00E.\n3. CANCEL HYDROLANT 603/23.\n","issueDate":"021535Z APR 2024","status":"in_force","authority":"NAVAREA III 34/24 021247Z APR 24.","coordsCount":35,"shape":"multi_area","zones":5,"subject":"NAV","hazard":null,"b2":"A"}},{"type":"Feature","geometry":{"type":"Point","coordinates":[-40.8605,-2.862833]},"properties":{"id":"nga:A:703/2024","source":"nga","kind":"hydro","navArea":"HYDROLANT","number":"703/2024","title":"WESTERN SOUTH ATLANTIC.","text":"WESTERN SOUTH ATLANTIC.\nBRAZIL.\nDNC 01.\nPONTA DO TRAPIA LIGHT 02-51.77S 040-51.63W\nRANGE REDUCED TO TEN MILES.\n","issueDate":"041300Z APR 2024","status":"in_force","authority":"NAVAREA V COASTAL 208/24 041232Z APR 24.","coordsCount":1,"shape":"point","subject":"NAV","hazard":null,"b2":"A"}},{"type":"Feature","geometry":{"type":"Point","coordinates":[-94.271667,29.078333]},"properties":{"id":"nga:A:729/2022","source":"nga","kind":"hydro","navArea":"HYDROLANT","number":"729/2022","title":"GULF OF MEXICO.","text":"GULF OF MEXICO.\nTEXAS.\nDNC 15.\nM/V ADVANTAGE SPRING AGROUND IN 29-04.7N 094-16.3W.\n","issueDate":"130837Z MAR 2022","status":"in_force","authority":"US COAST GUARD 130658Z MAR 22.","coordsCount":1,"shape":"point","subject":"NAV","hazard":null,"b2":"A"}},{"type":"Feature","geometry":{"type":"Polygon","coordinates":[[[-53.883333,-37.448333],[-54.175,-37.83],[-53.263333,-38.261667],[-52.976667,-37.878333],[-53.883333,-37.448333]]]},"properties":{"id":"nga:A:743/2024","source":"nga","kind":"hydro","navArea":"HYDROLANT","number":"743/2024","title":"WESTERN SOUTH ATLANTIC.","text":"WESTERN SOUTH ATLANTIC.\nDNC 07.\n1. SURVEY OPERATIONS IN PROGRESS UNTIL FURTHER\n   NOTICE BY M/V PXGEO 2 TOWING TEN 8100 METER\n   LONG CABLES IN AREA BOUND BY\n   37-26.90S 053-53.00W, 37-49.80S 054-10.50W,\n   38-15.70S 053-15.80W, 37-52.70S 052-58.60W.\n   SEVEN MILE BERTH REQUESTED.\n2. CANCEL HYDROLANT 515/24.\n","issueDate":"090716Z APR 2024","status":"in_force","authority":"NAVAREA VI 135/24 090249Z APR 24.","coordsCount":4,"shape":"area","subject":"NAV","hazard":"survey","b2":"A"}},{"type":"Feature","geometry":{"type":"Point","coordinates":[-44.148333,-2.45]},"properties":{"id":"nga:A:757/2023","source":"nga","kind":"hydro","navArea":"HYDROLANT","number":"757/2023","title":"WESTERN SOUTH ATLANTIC.","text":"WESTERN SOUTH ATLANTIC.\nBRAZIL.\nDNC 01.\nPONTA DO ARACAGI LIGHT 02-27.0S 044-08.9W UNLIT.\n","issueDate":"082200Z APR 2023","status":"in_force","authority":"NAVAREA V COASTAL 186/23 082131Z APR 23.","coordsCount":1,"shape":"point","subject":"NAV","hazard":"obstruction","b2":"A"}},{"type":"Feature","geometry":{"type":"Point","coordinates":[-2.382,46.717333]},"properties":{"id":"nga:A:758/2024","source":"nga","kind":"hydro","navArea":"HYDROLANT","number":"758/2024","title":"BAY OF BISCAY.","text":"BAY OF BISCAY.\nFRANCE.\nDNC 08.\nILE D'YEU MAIN LIGHT 46-43.04N 002-22.92W\nRANGE REDUCED.\n","issueDate":"110021Z APR 2024","status":"in_force","authority":"AVURNAV BREST 102/24 102318Z APR 24.","coordsCount":1,"shape":"point","subject":"NAV","hazard":null,"b2":"A"}},{"type":"Feature","geometry":{"type":"Point","coordinates":[0.961667,50.545]},"properties":{"id":"nga:A:807/2024","source":"nga","kind":"hydro","navArea":"HYDROLANT","number":"807/2024","title":"ENGLISH CHANNEL.","text":"ENGLISH CHANNEL.\nENGLAND.\nDNC 20.\n1. BASSURELLE BUOY 50-32.70N 000-57.70E MISSING.\n2. CANCEL HYDROLANT 456/24.\n","issueDate":"161526Z APR 2024","status":"in_force","authority":"WZ 281/24 161501Z APR 24.","coordsCount":1,"shape":"point","subject":"NAV","hazard":null,"b2":"A"}},{"type":"Feature","geometry":{"type":"Point","coordinates":[-3.1965,50.539667]},"properties":{"id":"nga:A:812/2024","source":"nga","kind":"hydro","navArea":"HYDROLANT","number":"812/2024","title":"ENGLISH CHANNEL.","text":"ENGLISH CHANNEL.\nENGLAND.\nDNC 20.\nDANGEROUS WRECK IN 50-32.38N 003-11.79W.\n","issueDate":"170134Z APR 2024","status":"in_force","authority":"WZ 283/24 170000Z APR 24.","coordsCount":1,"shape":"point","subject":"NAV","hazard":"obstruction","b2":"A"}},{"type":"Feature","geometry":{"type":"Polygon","coordinates":[[[-3.766667,54.066667],[-3.383333,53.9],[-3.383333,53.8],[-3.55,53.7],[-3.833333,53.833333],[-3.883333,53.966667],[-3.766667,54.066667]]]},"properties":{"id":"nga:A:827/2024","source":"nga","kind":"hydro","navArea":"HYDROLANT","number":"827/2024","title":"IRISH SEA.","text":"IRISH SEA.\nENGLAND.\nDNC 20.\nSURVEY OPERATIONS IN PROGRESS UNTIL\nFURTHER NOTICE BY M/V SW AMUNDSEN\nTOWING SEVEN 2200 METER LONG CABLES\nIN AREA BOUND BY\n54-04.00N 003-46.00W, 53-54.00N 003-23.00W,\n53-48.00N 003-23.00W, 53-42.00N 003-33.00W,\n53-50.00N 003-50.00W, 53-58.00N 003-53.00W.\nTHREE MILE BERTH REQUESTED.\n","issueDate":"180509Z APR 2024","status":"in_force","authority":"WZ 287/24 180501Z APR 24.","coordsCount":6,"shape":"area","subject":"NAV","hazard":"survey","b2":"A"}},{"type":"Feature","geometry":{"type":"Point","coordinates":[14.12,-42.436667]},"properties":{"id":"nga:A:834/2024","source":"nga","kind":"hydro","navArea":"HYDROLANT","number":"834/2024","title":"EASTERN SOUTH ATLANTIC.","text":"EASTERN SOUTH ATLANTIC.\nDNC 01.\nDISTRESS SIGNAL RECEIVED IN 42-26.20S 014-07.20E.\nVESSELS IN VICINITY REQUESTED TO KEEP A SHARP\nLOOKOUT, ASSIST IF POSSIBLE.\nREPORTS TO CAPE TOWN RADIO, PHONE: 272 1551 0700,\nEMAIL: MARITIMERADIO@TELKOM.CO.ZA\nOR MRCC CAPE TOWN, PHONE: 272 1938 3300\nEMAIL MRCC.CT@SAMSA.ORG.ZA.\n","issueDate":"191322Z APR 2024","status":"in_force","authority":"MRCC CAPE TOWN 0/24 191156Z APR 24.","coordsCount":1,"shape":"point","subject":"SAR","hazard":"sar","b2":"D"}},{"type":"Feature","geometry":{"type":"LineString","coordinates":[[23.528333,35.31],[15.278333,37.051667]]},"properties":{"id":"nga:A:836/2024","source":"nga","kind":"hydro","navArea":"HYDROLANT","number":"836/2024","title":"EASTERN MEDITERRANEAN SEA.","text":"EASTERN MEDITERRANEAN SEA.\nIONIAN SEA.\nDNC 09.\nS/V BLACK BIT, BLACK HULL, ONE PERSON ON BOARD,\nUNREPORTED CRETE (35-18.60N 023-31.70E) TO\nSICILY (37-03.10N 015-16.70E) ON 11 APR.\nVESSELS IN VICINITY REQUESTED TO KEEP A SHARP\nLOOKOUT, ASSIST IF POSSIBLE.\nREPORTS TO REPORTS TO MRCC ROME,\nPHONE: 390 6592 4145,  3906 5908 4409,\nEMAIL: ITMRCC@MIT.GOV.IT.\n","issueDate":"191422Z APR 2024","status":"in_force","authority":"MRCC ROME 1016/24 191356Z APR 24.","coordsCount":2,"shape":"line","subject":"NAV","hazard":null,"b2":"A"}},{"type":"Feature","geometry":{"type":"Polygon","coordinates":[[[33.55,45.083333],[33.85,45.983333],[31.716667,47],[29.916667,46.316667],[29.283333,45.083333],[33.55,45.083333]]]},"properties":{"id":"nga:A:838/2022","source":"nga","kind":"hydro","navArea":"HYDROLANT","number":"838/2022","title":"BLACK SEA.","text":"BLACK SEA.\nUKRAINE.\nDNC 10.\n1. HAZARDOUS OPERATIONS IN PROGRESS UNTIL FURTHER\n   NOTICE IN AREA BOUND BY\n   45-05N 033-33E, 45-59N 033-51E,\n   47-00N 031-43E, 46-19N 029-55E,\n   45-05N 029-17E.\n2. CANCEL HYDROLANT 814/22.\n","issueDate":"231417Z MAR 2022","status":"in_force","authority":"NAVAREA III 124/22 231417Z MAR 22.","coordsCount":5,"shape":"area","subject":"NAV","hazard":null,"b2":"A"}},{"type":"Feature","geometry":{"type":"Point","coordinates":[-60.886167,13.907167]},"properties":{"id":"nga:A:842/2024","source":"nga","kind":"hydro","navArea":"HYDROLANT","number":"842/2024","title":"EASTERN CARIBBEAN SEA.","text":"EASTERN CARIBBEAN SEA.\nSAINT LUCIA.\nDNC 14.\nEIGHT METER F/V TRUST AND BELIEVE, WHITE HULL,\nOVERDUE DENNERY (13-54.43N 060-53.17W) AND\nRETURN. VESSELS IN VICINITY REQUESTED TO KEEP\nA SHARP LOOKOUT, ASSIST IF POSSIBLE.\nREPORTS TO MRCC FORT DE FRANCE,\nPHONE: 596 596 709 292, EMAIL: ANTILLES@MRCCFR.EU.\n","issueDate":"200521Z APR 2024","status":"in_force","authority":"MRCC FORT DE FRANCE 0/24 200336Z APR 24.","coordsCount":1,"shape":"point","subject":"NAV","hazard":null,"b2":"A"}},{"type":"Feature","geometry":{"type":"Point","coordinates":[-51.45,4.533333]},"properties":{"id":"nga:A:845/2024","source":"nga","kind":"hydro","navArea":"HYDROLANT","number":"845/2024","title":"WESTERN NORTH ATLANTIC.","text":"WESTERN NORTH ATLANTIC.\nBRAZIL.\nDNC 14.\nDANGEROUS WRECK IN 04-32.00N 051-27.00W.\n","issueDate":"210046Z APR 2024","status":"in_force","authority":"NAVAREA V COASTAL 240/24 210031Z APR 24.","coordsCount":1,"shape":"point","subject":"NAV","hazard":"obstruction","b2":"A"}},{"type":"Feature","geometry":{"type":"Point","coordinates":[-63.139333,27.492833]},"properties":{"id":"nga:A:848/2024","source":"nga","kind":"hydro","navArea":"HYDROLANT","number":"848/2024","title":"WESTERN NORTH ATLANTIC.","text":"WESTERN NORTH ATLANTIC.\nDNC 16.\nS/V NABUCCO REPORTS CREWMAN REQUIRING MEDICAL\nASSISTANCE IN 27-29.57N 063-08.36W AT 211123Z APR.\nVESSELS IN VICINITY ABLE TO PROVIDE MEDICAL ASSISTANCE\nREQUESTED TO ASSIST IF POSSIBLE. REPORTS TO\nRCC NORFOLK,\nPHONE: 757 398 6231,\nEMAIL: D05-SMB-D5CC@USCG.MIL.\n","issueDate":"211426Z APR 2024","status":"in_force","authority":"RCC NORFOLK 0/24 211325Z APR 24.","coordsCount":1,"shape":"point","subject":"NAV","hazard":null,"b2":"A"}},{"type":"Feature","geometry":{"type":"Point","coordinates":[-61.5,16.25]},"properties":{"id":"nga:A:851/2024","source":"nga","kind":"hydro","navArea":"HYDROLANT","number":"851/2024","title":"EASTERN CARIBBEAN SEA.","text":"EASTERN CARIBBEAN SEA.\nGUADELOUPE.\nDNC 14.\n32 FOOT S/V SENSATION, THREE PERSONS\nON BOARD, OVERDUE GUADELOUPE\n(16-15.00N 061-30.00W) AND RETURN.\nVESSELS IN VICINITY REQUESTED TO KEEP\nA SHARP LOOKOUT, ASSIST IF POSSIBLE.\nREPORTS TO MRCC FORT DE FRANCE,\nPHONE: 5965 9670 9292,\nE-MAIL: ANTILLES@MRCCFR.EU.\n","issueDate":"220317Z APR 2024","status":"in_force","authority":"MRCC FORT DE FRANCE 0/24 220231Z APR 24.","coordsCount":1,"shape":"point","subject":"NAV","hazard":null,"b2":"A"}},{"type":"Feature","geometry":{"type":"Point","coordinates":[-4.211667,53.501667]},"properties":{"id":"nga:A:852/2024","source":"nga","kind":"hydro","navArea":"HYDROLANT","number":"852/2024","title":"IRISH SEA.","text":"IRISH SEA.\nWALES.\nDNC 20.\nFISHING GEAR, MARKED BY BUOYS, ABANDONED\nIN 53-30.10N 004-12.70W.\n","issueDate":"221127Z APR 2024","status":"in_force","authority":"WZ 295/24 221101Z APR 24.","coordsCount":1,"shape":"point","subject":"NAV","hazard":null,"b2":"A"}},{"type":"Feature","geometry":{"type":"Point","coordinates":[15.25,36.45]},"properties":{"id":"nga:A:853/2024","source":"nga","kind":"hydro","navArea":"HYDROLANT","number":"853/2024","title":"EASTERN MEDITERRANEAN SEA.","text":"EASTERN MEDITERRANEAN SEA.\nSICILY.\nDNC 09.\nCOLLISION BETWEEN 2 VESSELS IN 36-27.00N 015-15.00E\nAT 220930Z APR. VESSELS IN VICINITY REQUESTED TO KEEP A SHARP LOOKOUT, ASSIST IF POSSIBLE.\nREPORTS TO MRCC ROME,\nPHONE: 390 6592 4145,  3906 5908 4409,\nEMAIL: ITMRCC@MIT.GOV.IT.\n","issueDate":"221219Z APR 2024","status":"in_force","authority":"MRCC ROME 0/24 221202Z APR 24.","coordsCount":1,"shape":"point","subject":"NAV","hazard":null,"b2":"A"}},{"type":"Feature","geometry":{"type":"Point","coordinates":[-87.753833,29.278333]},"properties":{"id":"nga:A:855/2024","source":"nga","kind":"hydro","navArea":"HYDROLANT","number":"855/2024","title":"GULF OF MEXICO.","text":"GULF OF MEXICO.\nALABAMA.\nDNC 15.\nDISTRESS SIGNAL RECEIVED FROM S/V LINDA FARM IN VICINITY\n29-16.70N 087-45.23W AT 221158Z APR. VESSELS IN VICINITY\nREQUESTED TO KEEP A SHARP LOOKOUT, ASSIST IF POSSIBLE.\nREPORTS TO RCC NEW ORLEANS, PHONE: 855 485 3727,\nEMAIL: D8COMMANDCENTER@USCG.MIL.\n","issueDate":"221322Z APR 2024","status":"in_force","authority":"RCC NEW ORLEANS 0/24 221313Z APR 24.","coordsCount":1,"shape":"point","subject":"SAR","hazard":"sar","b2":"D"}},{"type":"Feature","geometry":{"type":"Point","coordinates":[-78.581167,25.581167]},"properties":{"id":"nga:A:861/2024","source":"nga","kind":"hydro","navArea":"HYDROLANT","number":"861/2024","title":"WESTERN NORTH ATLANTIC.","text":"WESTERN NORTH ATLANTIC.\nBAHAMAS.\nDNC 15.\nDISTRESS SIGNAL RECEIVED ON 406 MHZ FROM 67 METER\nM/V MASTER RU IN VICINITY 25-34.87N 078-34.87W.\nVESSELS IN VICINITY REQUESTED TO KEEP A SHARP\nLOOKOUT, ASSIST IF POSSIBLE. REPORTS TO RCC MIAMI,\nPHONE: 305 415 6800, EMAIL: RCCMIAMI@USCG.MIL.\n","issueDate":"231219Z APR 2024","status":"in_force","authority":"RCC MIAMI 0/24 231212Z APR 24.","coordsCount":1,"shape":"point","subject":"SAR","hazard":"sar","b2":"D"}},{"type":"Feature","geometry":{"type":"Polygon","coordinates":[[[14.516667,35.9],[20.75,38.95],[18.381667,37.882167],[14.516667,35.9]]]},"properties":{"id":"nga:A:862/2024","source":"nga","kind":"hydro","navArea":"HYDROLANT","number":"862/2024","title":"IONIAN SEA.","text":"IONIAN SEA.\nMALTA TO GREECE.\nDNC 09.\n15 METER S/V ILAN7, WHITE HULL, ONE PERSON ON BOARD,\nUNREPORTED MALTA (35-54.00N 014-31.00E) TO PREVEZA\n(38-57.00N 020-45.00E). LAST KNOWN POSITION IN\n37-52.93N 018-22.90E ON 21 APR. VESSELS IN\nVICINITY REQUESTED TO KEEP A SHARP LOOKOUT,\nASSIST IF POSSIBLE. REPORTS TO MRCC ROME,\nPHONE: 390 6592 4145, 3906 5908 4409,\nEMAIL: ITMRCC@MIT.GOV.IT OR MRSC REGGIO CALABRIA,\nPHONE 3909 6565 6268, EMAIL: SO.CPREGGIO@MIT.GOV.IT.\n","issueDate":"231345Z APR 2024","status":"in_force","authority":"MRCC ROME 1061/24 231321Z APR 24.","coordsCount":3,"shape":"area","subject":"NAV","hazard":null,"b2":"A"}},{"type":"Feature","geometry":{"type":"Point","coordinates":[-73.341667,34.721667]},"properties":{"id":"nga:A:867/2024","source":"nga","kind":"hydro","navArea":"HYDROLANT","number":"867/2024","title":"WESTERN NORTH ATLANTIC.","text":"WESTERN NORTH ATLANTIC.\nDNC 17.\nDISTRESS SIGNAL RECEIVED ON 406 MHZ IN\n34-43.30N 073-20.50W. VESSELS IN VICINITY\nREQUESTED TO KEEP A SHARP LOOKOUT,\nASSIST IF POSSIBLE. REPORTS TO RCC NORFOLK,\nPHONE: 757 398 6390, EMAIL: RCCNORFOLK@USCG.MIL.\n","issueDate":"240131Z APR 2024","status":"in_force","authority":"RCC NORFOLK 0/24 240127Z APR 24.","coordsCount":1,"shape":"point","subject":"SAR","hazard":"sar","b2":"D"}},{"type":"Feature","geometry":{"type":"Point","coordinates":[-4.8,54.061667]},"properties":{"id":"nga:A:878/2024","source":"nga","kind":"hydro","navArea":"HYDROLANT","number":"878/2024","title":"IRISH SEA.","text":"IRISH SEA.\nISLE OF MAN.\nDNC 20.\nISLE OF MAN LIGHT 54-03.70N 004-48.00W UNLIT.\n","issueDate":"251426Z APR 2024","status":"in_force","authority":"WZ 300/24 251400Z APR 24.","coordsCount":1,"shape":"point","subject":"NAV","hazard":"obstruction","b2":"A"}},{"type":"Feature","geometry":{"type":"Polygon","coordinates":[[[3.245667,42.834667],[3.243,42.8365],[3.253833,42.841333],[3.2285,42.836167],[3.2475,42.8455],[3.237167,42.844833],[3.242167,42.846833],[3.224667,42.844833],[3.102667,42.812833],[3.103667,42.810667],[3.0415,42.795167],[3.043167,42.790833],[3.105667,42.806333],[3.106833,42.804167],[3.245667,42.834667]]]},"properties":{"id":"nga:A:881/2024","source":"nga","kind":"hydro","navArea":"HYDROLANT","number":"881/2024","title":"WESTERN MEDITERRANEAN SEA.","text":"WESTERN MEDITERRANEAN SEA.\nFRANCE.\nDNC 08.\nUNDERWATER OPERATIONS 290001Z APR UNTIL\nFURTHER NOTICE BY CABLESHIP SOPHIE GERMAIN\nIN AREA BOUND BY\n42-50.08N 003-14.74E, 42-50.19N 003-14.58E,\n42-50.48N 003-15.23E, 42-50.17N 003-13.71E,\n42-50.73N 003-14.85E, 42-50.69N 003-14.23E,\n42-50.81N 003-14.53E, 42-50.69N 003-13.48E,\n42-48.77N 003-06.16E, 42-48.64N 003-06.22E,\n42-47.71N 003-02.49E, 42-47.45N 003-02.59E,\n42-48.38N 003-06.34E, 42-48.25N 003-06.41E.\n","issueDate":"251611Z APR 2024","status":"in_force","authority":"NAVAREA III 47/24 251543Z APR 24.","coordsCount":14,"shape":"area","subject":"NAV","hazard":null,"b2":"A"}},{"type":"Feature","geometry":{"type":"Point","coordinates":[-75.521667,23.778333]},"properties":{"id":"nga:A:883/2024","source":"nga","kind":"hydro","navArea":"HYDROLANT","number":"883/2024","title":"WESTERN NORTH ATLANTIC.","text":"WESTERN NORTH ATLANTIC.\nBAHAMAS.\nDNC 16.\nDISTRESS SIGNAL RECEIVED IN 23-46.70N 075-31.30W.\nVESSELS IN VICINITY REQUESTED TO KEEP A SHARP\nLOOKOUT, ASSIST IF POSSIBLE. REPORTS TO RCC MIAMI,\nPHONE: 305 415 6800,\nEMAIL: RCCMIAMI@USCG.MIL.\n","issueDate":"252150Z APR 2024","status":"in_force","authority":"RCC MIAMI 0/24 252142Z APR 24.","coordsCount":1,"shape":"point","subject":"SAR","hazard":"sar","b2":"D"}},{"type":"Feature","geometry":{"type":"Point","coordinates":[-64,36]},"properties":{"id":"nga:A:884/2024","source":"nga","kind":"hydro","navArea":"HYDROLANT","number":"884/2024","title":"WESTERN NORTH ATLANTIC.","text":"WESTERN NORTH ATLANTIC.\nDNC 17.\nDISTRESS SIGNAL RECEIVED ON 406 MHZ\nIN 36-00.00N 064-00.00W AT 252118Z APR.\nVESSELS IN VICINITY REQUESTED TO KEEP A\nSHARP LOOKOUT, ASSIST IF POSSIBLE.\nREPORTS TO RCC NORFOLK,\nPHONE: 757 398 6231,\nEMAIL: RCCNORFOLK@USCG.MIL.\n","issueDate":"252347Z APR 2024","status":"in_force","authority":"RCC NORFOLK 0/24 252340Z APR 24.","coordsCount":1,"shape":"point","subject":"SAR","hazard":"sar","b2":"D"}},{"type":"Feature","geometry":{"type":"Point","coordinates":[-10.178333,29.375]},"properties":{"id":"nga:A:892/2024","source":"nga","kind":"hydro","navArea":"HYDROLANT","number":"892/2024","title":"EASTERN NORTH ATLANTIC.","text":"EASTERN NORTH ATLANTIC.\nMOROCCO.\nDNC 01.\n1. SIDI IFNI LIGHT 29-22.50N 010-10.70W UNLIT.\n2. CANCEL HYDROLANT 544/24.\n","issueDate":"261654Z APR 2024","status":"in_force","authority":"NAVAREA II 119/24 261600Z APR 24.","coordsCount":1,"shape":"point","subject":"NAV","hazard":"obstruction","b2":"A"}},{"type":"Feature","geometry":{"type":"Point","coordinates":[-71.423333,21.1785]},"properties":{"id":"nga:A:899/2024","source":"nga","kind":"hydro","navArea":"HYDROLANT","number":"899/2024","title":"WESTERN NORTH ATLANTIC.","text":"WESTERN NORTH ATLANTIC.\nTURKS AND CAICOS ISLANDS.\nDNC 16.\n44 FOOT S/V ABOUT TIME, YELLOW HULL, TWO PERSONS\nONBOARD, DISABLED AND ADRIFT IN\n21-10.71N 071-25.40W. VESSELS IN VICINITY REQUESTED\nTO KEEP A SHARP LOOKOUT, ASSIST IF POSSIBLE.\nREPORTS TO RCC MIAMI, PHONE: 305 415 6800,\nEMAIL: RCC MIAMI@USCG.MIL.\n","issueDate":"271410Z APR 2024","status":"in_force","authority":"RCC MIAMI 0/24 271356Z APR 24.","coordsCount":1,"shape":"point","subject":"NAV","hazard":null,"b2":"A"}},{"type":"Feature","geometry":{"type":"Point","coordinates":[-8.001667,48.853333]},"properties":{"id":"nga:A:901/2024","source":"nga","kind":"hydro","navArea":"HYDROLANT","number":"901/2024","title":"CELTIC SEA.","text":"CELTIC SEA.\nDNC 19.\nDISTRESS SIGNAL RECEIVED IN 48-51.20N 008-00.10W\nAT 271344Z APR. VESSELS IN VICINITY REQUESTED TO\nKEEP A SHARP LOOKOUT, ASSIST IF POSSIBLE. REPORTS TO\nUK COAST GUARD.\n","issueDate":"271630Z APR 2024","status":"in_force","authority":"UK COAST GUARD 0/24 271541Z APR 24.","coordsCount":1,"shape":"point","subject":"SAR","hazard":"sar","b2":"D"}},{"type":"Feature","geometry":{"type":"Point","coordinates":[-64.95,23.283333]},"properties":{"id":"nga:A:903/2024","source":"nga","kind":"hydro","navArea":"HYDROLANT","number":"903/2024","title":"WESTERN NORTH ATLANTIC.","text":"WESTERN NORTH ATLANTIC.\nDNC 16.\nDISTRESS SIGNAL RECEIVED IN VICINITY 23-17.00N 064-57.00W.\nVESSELS IN VICINITY REQUESTED TO KEEP A SHARP LOOKOUT,\nASSIST IF POSSIBLE. REPORTS TO US COAST GUARD SECTOR\nPUERTO RICO, PHONE: 787 729 6770.\n","issueDate":"280548Z APR 2024","status":"in_force","authority":"PUERTO RICO 0/24 280537Z APR 24.","coordsCount":1,"shape":"point","subject":"SAR","hazard":"sar","b2":"D"}},{"type":"Feature","geometry":{"type":"Point","coordinates":[-85.619167,24.3885]},"properties":{"id":"nga:A:904/2024","source":"nga","kind":"hydro","navArea":"HYDROLANT","number":"904/2024","title":"GULF OF MEXICO.","text":"GULF OF MEXICO.\nDNC 15.\nRED FLARE SIGHTED IN 24-23.31N 085-37.15W.\nVESSELS IN VICINITY REQUESTED TO KEEP A\nSHARP LOOKOUT, ASSIST IF POSSIBLE.\nREPORTS TO RCC MIAMI, PHONE: 305 415 6800,\nEMAIL: RCCMIAMI@USCG.MIL.\n","issueDate":"281349Z APR 2024","status":"in_force","authority":"RCC MIAMI 0/24 281313Z APR 24.","coordsCount":1,"shape":"point","subject":"NAV","hazard":null,"b2":"A"}},{"type":"Feature","geometry":{"type":"Point","coordinates":[-80.25,16.3]},"properties":{"id":"nga:A:913/2024","source":"nga","kind":"hydro","navArea":"HYDROLANT","number":"913/2024","title":"WESTERN CARIBBEAN SEA.","text":"WESTERN CARIBBEAN SEA.\nDNC 14.\nF/V, SEVEN PERSONS ON BOARD, DISABLED\nIN 16-18.00N 080-15.00W. VESSELS IN VICINITY\nREQUESTED TO KEEP A SHARP LOOKOUT, ASSIST IF\nPOSSIBLE. REPORTS TO RCC MIAMI,\nPHONE: 305 415 6800, EMAIL: RCCMIAMI@USCG.MIL.\n","issueDate":"291903Z APR 2024","status":"in_force","authority":"RCC MIAMI 0/24 291850Z APR 24.","coordsCount":1,"shape":"point","subject":"NAV","hazard":null,"b2":"A"}},{"type":"Feature","geometry":{"type":"Point","coordinates":[-48.032167,21.476667]},"properties":{"id":"nga:A:919/2024","source":"nga","kind":"hydro","navArea":"HYDROLANT","number":"919/2024","title":"WESTERN NORTH ATLANTIC.","text":"WESTERN NORTH ATLANTIC.\nDNC 01.\nDISTRESS SIGNAL RECEIVED IN 21-28.60N 048-01.93W\nAT 300940Z APR. VESSELS IN VICINITY REQUESTED TO\nKEEP A SHARP LOOKOUT, ASSIST IF POSSIBLE.\nREPORTS TO RCC NORFOLK,\nPHONE: 757 398 6231,\nEMAIL: RCCNORFOLK@USCG.MIL.\n","issueDate":"301510Z APR 2024","status":"in_force","authority":"RCC NORFOLK 0/24 301446Z APR 24.","coordsCount":1,"shape":"point","subject":"SAR","hazard":"sar","b2":"D"}},{"type":"Feature","geometry":{"type":"Point","coordinates":[-34.637833,-4.259167]},"properties":{"id":"nga:A:924/2024","source":"nga","kind":"hydro","navArea":"HYDROLANT","number":"924/2024","title":"WESTERN SOUTH ATLANTIC.","text":"WESTERN SOUTH ATLANTIC.\nBRAZIL.\nDNC 01.\n1. DISTRESS SIGNAL RECEIVED FROM VESSEL CAMBURI\n   IN 04-15.55S 034-38.27W ON 30 APR. VESSELS IN\n   VICINITY REQUESTED TO KEEP A SHARP LOOKOUT,\n   ASSIST IF POSSIBLE. REPORTS TO MRCC NATAL,\n   EMAIL: MRCCNATAL@MARINHA.MIL.BR.\n2. CANCEL HYDROLANT 923/24.\n","issueDate":"301844Z APR 2024","status":"in_force","authority":"MRCC NATAL 0/24 301840Z APR 24.","coordsCount":1,"shape":"point","subject":"SAR","hazard":"sar","b2":"D"}},{"type":"Feature","geometry":{"type":"Point","coordinates":[-45.516667,-24.616667]},"properties":{"id":"nga:A:925/2024","source":"nga","kind":"hydro","navArea":"HYDROLANT","number":"925/2024","title":"WESTERN SOUTH ATLANTIC.","text":"WESTERN SOUTH ATLANTIC.\nBRAZIL.\nDNC 01.\nDISTRESS SIGNAL RECEIVED FROM VESSEL\nIN 24-37.00S 045-31.00W ON 30 APR. VESSELS IN\nVICINITY REQUESTED TO KEEP A SHARP LOOKOUT,\nASSIST IF POSSIBLE. REPORTS TO MRCC SAO PAULO,\nE-MAIL: MRCCSAOPAULO@MARINHA.MIL.BR.\n","issueDate":"301854Z APR 2024","status":"in_force","authority":"MRCC SAO PAULO 0/24 301837Z APR 24.","coordsCount":1,"shape":"point","subject":"SAR","hazard":"sar","b2":"D"}},{"type":"Feature","geometry":{"type":"Point","coordinates":[-79.656667,20.491167]},"properties":{"id":"nga:A:926/2024","source":"nga","kind":"hydro","navArea":"HYDROLANT","number":"926/2024","title":"WESTERN CARIBBEAN SEA.","text":"WESTERN CARIBBEAN SEA.\nCUBA.\nDNC 15.\nDISTRESS SIGNAL RECEIVED FROM S/V YANCEY\nIN 20-29.47N 079-39.40W. VESSELS IN VICINITY\nREQUESTED TO KEEP A SHARP LOOKOUT,\nASSIST IF POSSIBLE.\nREPORTS TO RCC MIAMI,\nPHONE: 305 415 6800,\nE-MAIL: RCCMIAMI@USCG.MIL.\n","issueDate":"010341Z MAY 2024","status":"in_force","authority":"RCC MIAMI 0/24 010330Z MAY 24.","coordsCount":1,"shape":"point","subject":"SAR","hazard":"sar","b2":"D"}},{"type":"Feature","geometry":{"type":"LineString","coordinates":[[-7.65,51.306667],[-7.25,50.55],[-6.873333,49.87],[-6.795,49.723333],[-6.586667,49.641667],[-6.466667,49.56],[-6.038333,49.376667],[-5.718333,49.196667]]},"properties":{"id":"nga:A:928/2024","source":"nga","kind":"hydro","navArea":"HYDROLANT","number":"928/2024","title":"CELTIC SEA.","text":"CELTIC SEA.\nENGLISH CHANNEL.\nENGLAND.\nDNC 19, DNC 20.\n1. CABLE OPERATIONS IN PROGRESS UNTIL\n   FURTHER NOTICE BY CABLESHIP DETECTOR\n   ALONG TRACKLINE JOINING\n   51-18.40N 007-39.00W, 50-33.00N 007-15.00W,\n   49-52.20N 006-52.40W, 49-43.40N 006-47.70W,\n   49-38.50N 006-35.20W, 49-33.60N 006-28.00W,\n   49-22.60N 006-02.30W, 49-11.80N 005-43.10W.\n   WIDE BERTH REQUESTED.\n2. CANCEL HYDROLANT 927/24, MSG NOT\n   PROMULGATED.\n","issueDate":"010838Z MAY 2024","status":"in_force","authority":"NAVAREA I 66/24 010705Z MAY 24.","coordsCount":8,"shape":"trackline","subject":"NAV","hazard":"cable","b2":"A"}},{"type":"Feature","geometry":{"type":"Point","coordinates":[0.335,58.416667]},"properties":{"id":"nga:A:931/2024","source":"nga","kind":"hydro","navArea":"HYDROLANT","number":"931/2024","title":"NORTH SEA.","text":"NORTH SEA.\nDNC 20.\nALL NAVIGATIONAL AIDS AT PLATFORM 15/17-A\n58-25.00N 000-20.10E INOPERATIVE.\n","issueDate":"011709Z MAY 2024","status":"in_force","authority":"WZ 322/24 011102Z MAY 24.","coordsCount":1,"shape":"point","subject":"NAV","hazard":"rig","b2":"A"}},{"type":"Feature","geometry":{"type":"Point","coordinates":[23.816667,33.916667]},"properties":{"id":"nga:A:932/2024","source":"nga","kind":"hydro","navArea":"HYDROLANT","number":"932/2024","title":"EASTERN MEDITERRANEAN SEA.","text":"EASTERN MEDITERRANEAN SEA.\nCRETE.\nDNC 09.\nVESSEL, 45 PERSONS ON BOARD, ADRIFT AND\nREQUESTING ASSISTANCE IN 33-55.00N 023-49.00E AT\n011149Z MAY. VESSELS IN VICINITY REQUESTED TO\nKEEP A SHARP LOOKOUT, ASSIST IF POSSIBLE.\nREPORTS TO JRCC LIBYA, PHONE: 2189 1034 9739,\n2182 1444 9149, 2182 1717 3377, 2182 1444 9488,\nEMAIL: LMRCC.1@MOD.GOV.LY, LMRCC.2@MOD.GOV.LY,\nLCG.OPS.RM@MOD.GOV.LY OR MRCC ROME,\nPHONE: 390 6592 4145, 3906 5908 4409,\nEMAIL: ITMRCC@MIT.GOV.IT.\n","issueDate":"011839Z MAY 2024","status":"in_force","authority":"JRCC LIBYA 621/24 011736Z MAY 24.","coordsCount":1,"shape":"point","subject":"NAV","hazard":null,"b2":"A"}},{"type":"Feature","geometry":{"type":"Point","coordinates":[-84.272833,28.535]},"properties":{"id":"nga:A:934/2024","source":"nga","kind":"hydro","navArea":"HYDROLANT","number":"934/2024","title":"GULF OF MEXICO.","text":"GULF OF MEXICO.\nFLORIDA.\nDNC 15.\nPOSSIBLE MAN OVERBOARD FROM 16 FOOT VESSEL, WHITE\nHULL, CAPSIZED AND ADRIFT IN 28-32.10N 084-16.37W.\nVESSELS IN VICINITY REQUESTED TO KEEP A SHARP\nLOOKOUT, ASSIST IF POSSIBLE. REPORTS TO RCC MIAMI,\nPHONE: 305 415 6800, E-MAIL: RCCMIAMI@USCG.MIL.\n","issueDate":"012051Z MAY 2024","status":"in_force","authority":"RCC MIAMI 0/24 012041Z MAY 24.","coordsCount":1,"shape":"point","subject":"SAR","hazard":"sar","b2":"D"}},{"type":"Feature","geometry":{"type":"Point","coordinates":[-64.166667,20.883333]},"properties":{"id":"nga:A:935/2024","source":"nga","kind":"hydro","navArea":"HYDROLANT","number":"935/2024","title":"WESTERN NORTH ATLANTIC.","text":"WESTERN NORTH ATLANTIC.\nDNC 16.\nDISTRESS SIGNAL RECEIVED ON 406 MHZ IN\n20-53.00N 064-10.00W. VESSELS IN VICINITY\nREQUESTED TO KEEP A SHARP LOOKOUT, ASSIST\nIF POSSIBLE. REPORTS TO RSC SAN JUAN,\nPHONE: 787 289 2042, EMAIL: SSJCC@USCG.MIL.\n","issueDate":"020128Z MAY 2024","status":"in_force","authority":"RSC SAN JUAN 0/24 020121Z MAY 24.","coordsCount":1,"shape":"point","subject":"SAR","hazard":"sar","b2":"D"}},{"type":"Feature","geometry":{"type":"Point","coordinates":[-4.274,54.211333]},"properties":{"id":"nga:A:936/2024","source":"nga","kind":"hydro","navArea":"HYDROLANT","number":"936/2024","title":"IRISH SEA.","text":"IRISH SEA.\nISLE OF MAN.\nDNC 20.\n1. DANGEROUS WRECK IN 54-12.68N 004-16.44W.\n2. CANCEL HYDROLANT 587/24.\n","issueDate":"020657Z MAY 2024","status":"in_force","authority":"WZ 323/24 020601Z MAY 24.","coordsCount":1,"shape":"point","subject":"NAV","hazard":"obstruction","b2":"A"}},{"type":"Feature","geometry":{"type":"Point","coordinates":[-4.568333,48.638333]},"properties":{"id":"nga:A:947/2024","source":"nga","kind":"hydro","navArea":"HYDROLANT","number":"947/2024","title":"ENGLISH CHANNEL.","text":"ENGLISH CHANNEL.\nFRANCE.\nDNC 20.\nILE VIERGE LIGHT 48-38.30N 004-34.10W UNLIT.\n","issueDate":"031740Z MAY 2024","status":"in_force","authority":"AVURNAV BREST 128/24 031720Z MAY 24.","coordsCount":1,"shape":"point","subject":"NAV","hazard":"obstruction","b2":"A"}},{"type":"Feature","geometry":{"type":"LineString","coordinates":[[6.956667,3.011667],[7.231667,3.586667],[7.551667,3.808333],[7.65,4.04],[7.678333,4.248333],[7.736667,4.31],[7.991667,4.453333],[8.008333,4.54]]},"properties":{"id":"nga:A:950/2024","source":"nga","kind":"hydro","navArea":"HYDROLANT","number":"950/2024","title":"GULF OF GUINEA.","text":"GULF OF GUINEA.\nNIGERIA.\nDNC 01.\nCABLE OPERATIONS IN PROGRESS UNTIL FURTHER\nNOTICE BY CABLESHIP ILE DE SEIN\nALONG TRACKLINE JOINING\n03-00.70N 006-57.40E, 03-35.20N 007-13.90E,\n03-48.50N 007-33.10E, 04-02.40N 007-39.00E,\n04-14.90N 007-40.70E, 04-18.60N 007-44.20E,\n04-27.20N 007-59.50E, 04-32.40N 008-00.50E.\nWIDE BERTH REQUESTED.\n","issueDate":"041229Z MAY 2024","status":"in_force","authority":"NAVAREA II 124/24 041219Z MAY 24.","coordsCount":8,"shape":"trackline","subject":"NAV","hazard":"cable","b2":"A"}},{"type":"Feature","geometry":{"type":"Point","coordinates":[-40.5,2.933333]},"properties":{"id":"nga:A:953/2024","source":"nga","kind":"hydro","navArea":"HYDROLANT","number":"953/2024","title":"NORTH ATLANTIC.","text":"NORTH ATLANTIC.\nDNC 01.\nMAN OVERBOARD FROM VESSEL IN\n02-56.00N 040-30.00W AT 040230Z MAY. VESSELS IN\nVICINITY REQUESTED TO KEEP A SHARP LOOKOUT,\nASSIST IF POSSIBLE. REPORTS TO MRCC BELEM,\nPHONE: 5591 3216 4030,\nEMAIL: MRCCBELEM@MARINHA.MIL.BR.\n","issueDate":"050936Z MAY 2024","status":"in_force","authority":"MRCC BELEM 0/24 050911Z MAY 24.","coordsCount":1,"shape":"point","subject":"SAR","hazard":"sar","b2":"D"}},{"type":"Feature","geometry":{"type":"Point","coordinates":[9,38]},"properties":{"id":"nga:A:957/2024","source":"nga","kind":"hydro","navArea":"HYDROLANT","number":"957/2024","title":"WESTERN MEDITERRANEAN SEA.","text":"WESTERN MEDITERRANEAN SEA.\nALGERIA.\nDNC 08.\nTWO VESSELS, NINE PERSONS ONBOARD, REQUESTING\nASSISTANCE IN VICNITY 38-00.00N 009-00.00E. VESSELS\nIN VICINITY REQUESTED TO KEEP A SHARP LOOKOUT,\nASSIST IF POSSIBLE. REPORTS TO MRCC ROME,\nPHONE: 003 906 592 4145, EMAIL: ITMRCC@MIT.GOV.IT.\n","issueDate":"052109Z MAY 2024","status":"in_force","authority":"MRCC ROME 649/24 052059Z MAY 24.","coordsCount":1,"shape":"point","subject":"NAV","hazard":null,"b2":"A"}},{"type":"Feature","geometry":{"type":"Point","coordinates":[12,37]},"properties":{"id":"nga:A:959/2024","source":"nga","kind":"hydro","navArea":"HYDROLANT","number":"959/2024","title":"STRAIT OF SICILY.","text":"STRAIT OF SICILY.\nTUNISIA.\nDNC 08.\nVESSEL, WHITE HULL, FIVE PERSONS ON BOARD,\nREQUESTING ASSISTANCE IN VICNITY\n37-00.00N 012-00.00E. VESSELS IN VICINITY REQUESTED\nTO KEEP A SHARP LOOKOUT, ASSIST IF POSSIBLE.\nREPORTS TO MRCC ROME, PHONE: 003 906 592 4145,\nEMAIL: ITMRCC@MIT.GOV.IT.\n","issueDate":"061338Z MAY 2024","status":"in_force","authority":"MRCC ROME 674/24 061322Z MAY 24.","coordsCount":1,"shape":"point","subject":"NAV","hazard":null,"b2":"A"}},{"type":"Feature","geometry":{"type":"Point","coordinates":[-80.04,26.534]},"properties":{"id":"nga:A:963/2024","source":"nga","kind":"hydro","navArea":"HYDROLANT","number":"963/2024","title":"STRAITS OF FLORIDA.","text":"STRAITS OF FLORIDA.\nFLORIDA.\nDNC 15.\n21 FOOT VESSEL, ONE PERSON ON BOARD, OVERDUE.\nLAST KNOWN POSITION IN 26-32.04N 080-02.40W.\nVESSELS IN VICINITY REQUESTED TO KEEP A SHARP\nLOOKOUT, ASSIST IF POSSIBLE. REPORTS TO RCC MIAMI,\nPHONE: 305 415 6800, EMAIL: RCCMIAMI@USCG.MIL.\n","issueDate":"070414Z MAY 2024","status":"in_force","authority":"RCC MIAMI 0/24 070400Z MAY 24.","coordsCount":1,"shape":"point","subject":"NAV","hazard":null,"b2":"A"}},{"type":"Feature","geometry":{"type":"Point","coordinates":[-19,22]},"properties":{"id":"nga:A:964/2024","source":"nga","kind":"hydro","navArea":"HYDROLANT","number":"964/2024","title":"EASTERN NORTH ATLANTIC.","text":"EASTERN NORTH ATLANTIC.\nDNC 01.\nMAN OVERBOARD FROM M/V MAERSK SELETAR\nIN VICINITY 22-00N 019-00W. VESSELS IN VICINITY\nREQUESTED TO KEEP A SHARP LOOKOUT, ASSIST IF\nPOSSIBLE. REPORTS TO MRCC RABAT,\nPHONE: 2125 3762 5877, 2125 3762 5897,\nEMAIL: MRCC.RABAT@MPM.GOV.MA,\nMRCCRABAT@GMAIL.COM.\n","issueDate":"070932Z MAY 2024","status":"in_force","authority":"MRCC RABAT 0/24 070922Z MAY 24.","coordsCount":1,"shape":"point","subject":"SAR","hazard":"sar","b2":"D"}},{"type":"Feature","geometry":{"type":"Point","coordinates":[-84.937667,21.900833]},"properties":{"id":"nga:A:969/2024","source":"nga","kind":"hydro","navArea":"HYDROLANT","number":"969/2024","title":"GULF OF MEXICO.","text":"GULF OF MEXICO.\nCUBA.\nDNC 15.\nS/V WIND WAKER DISMASTED IN VICINITY LAS TUMBAS\n(21-54.05N 84-56.26W). VESSELS IN VICINITY REQUESTED\nTO KEEP A SHARP LOOKOUT, ASSIST IF POSSIBLE.\nREPORTS TO RCC MIAMI, PHONE: 305 415 6800,\nE-MAIL: RCCMIAMI@USCG.MIL.\n","issueDate":"080637Z MAY 2024","status":"in_force","authority":"RCC MIAMI 0/24 080626Z MAY 24.","coordsCount":1,"shape":"point","subject":"NAV","hazard":null,"b2":"A"}},{"type":"Feature","geometry":{"type":"Point","coordinates":[-84.616167,28.548333]},"properties":{"id":"nga:A:979/2024","source":"nga","kind":"hydro","navArea":"HYDROLANT","number":"979/2024","title":"GULF OF MEXICO.","text":"GULF OF MEXICO.\nFLORIDA.\nDNC 15.\n48 FOOT VESSEL, THREE PERSONS ON BOARD, DISABLED\nIN 28-32.90N 084-36.97W AT 091650Z MAY. VESSELS IN\nVICINITY REQUESTED TO KEEP A SHARP LOOKOUT, ASSIST\nIF POSSIBLE. REPORTS TO USCG SECTOR MOBILE,\nPHONE: 833 662 8724,\nEMAIL: D8COMMANDCENTER@USCG.MIL.\n","issueDate":"092138Z MAY 2024","status":"in_force","authority":"COMCOGARD SECTOR MOBILE 0/24 092100Z MAY 24.","coordsCount":1,"shape":"point","subject":"NAV","hazard":null,"b2":"A"}},{"type":"Feature","geometry":{"type":"LineString","coordinates":[[-166.028,68.149],[-166.899,68.347]]},"properties":{"id":"nga:C:155/2023","source":"nga","kind":"hydro","navArea":"HYDROARC","number":"155/2023","title":"CHUKCHI SEA.","text":"CHUKCHI SEA.\nALASKA.\nDNC 27.\nSCIENTIFIC MOORINGS ESTABLISHED IN:\nA. 68-08.94N 166-01.68W.\nB. 68-20.82N 166-53.94W.\n","issueDate":"090814Z AUG 2023","status":"in_force","authority":"NAVAREA XVII 48/23 090718Z AUG 23.","coordsCount":2,"shape":"line","subject":"NAV","hazard":null,"b2":"A"}},{"type":"Feature","geometry":{"type":"Polygon","coordinates":[[[-160.3675,70.730333],[-160.2115,70.68],[-160.102833,70.654667],[-160.3675,70.730333]]]},"properties":{"id":"nga:C:156/2023","source":"nga","kind":"hydro","navArea":"HYDROARC","number":"156/2023","title":"CHUKCHI SEA.","text":"CHUKCHI SEA.\nALASKA.\nDNC 27.\nSCIENTIFIC MOORINGS ESTABLISHED IN:\nA. 70-43.82N 160-22.05W.\nB. 70-40.80N 160-12.69W.\nC. 70-39.28N 160-06.17W.\n","issueDate":"090819Z AUG 2023","status":"in_force","authority":"NAVAREA XVII 49/23 090719Z AUG 23.","coordsCount":3,"shape":"area","subject":"NAV","hazard":null,"b2":"A"}},{"type":"Feature","geometry":{"type":"Polygon","coordinates":[[[-155.706167,71.302667],[-155.602667,71.381667],[-156.441167,71.4135],[-156.605833,71.457167],[-155.706167,71.302667]]]},"properties":{"id":"nga:C:157/2023","source":"nga","kind":"hydro","navArea":"HYDROARC","number":"157/2023","title":"BEAUFORT SEA.","text":"BEAUFORT SEA.\nCHUKCHI SEA.\nALASKA.\nDNC 27.\nSCIENTIFIC MOORINGS ESTABLISHED IN:\nA. 71-18.16N 155-42.37W.\nB. 71-22.90N 155-36.16W.\nC. 71-24.81N 156-26.47W.\nD. 71-27.43N 156-36.35W.\n","issueDate":"090828Z AUG 2023","status":"in_force","authority":"NAVAREA XVII 50/23 090741Z AUG 23.","coordsCount":4,"shape":"area","subject":"NAV","hazard":null,"b2":"A"}},{"type":"Feature","geometry":{"type":"Point","coordinates":[-128.257,70.6275]},"properties":{"id":"nga:C:162/2023","source":"nga","kind":"hydro","navArea":"HYDROARC","number":"162/2023","title":"BEAUFORT SEA.","text":"BEAUFORT SEA.\nCANADA.\nDNC 27.\nBALLIE ISLAND RACON RELOCATED TO 70-37.65N 128-15.42W.\n","issueDate":"120247Z AUG 2023","status":"in_force","authority":"NAVAREA XVII 52/23 120231Z AUG 23.","coordsCount":1,"shape":"point","subject":"NAV","hazard":null,"b2":"A"}},{"type":"Feature","geometry":{"type":"Point","coordinates":[-134.406667,69.776667]},"properties":{"id":"nga:C:163/2023","source":"nga","kind":"hydro","navArea":"HYDROARC","number":"163/2023","title":"BEAUFORT SEA.","text":"BEAUFORT SEA.\nCANADA.\nDNC 27.\nRACON AT PULLEN ISLAND LIGHT\n69-46.60N 134-24.40W INOPERATIVE.\n","issueDate":"150434Z AUG 2023","status":"in_force","authority":"NAVAREA XVII 53/23 142302Z AUG 23.","coordsCount":1,"shape":"point","subject":"NAV","hazard":null,"b2":"A"}},{"type":"Feature","geometry":{"type":"Point","coordinates":[65.534167,73.263]},"properties":{"id":"nga:C:175/2022","source":"nga","kind":"hydro","navArea":"HYDROARC","number":"175/2022","title":"KARA SEA.","text":"KARA SEA.\nDNC 22.\nSUB-SURFACE SCIENTIFIC MOORING, AT DEPTH\n95 METERS, ESTABLISHED UNTIL FURTHER NOTICE\nIN 73-15.78N 065-32.05E.\nWIDE BERTH REQUESTED.\n","issueDate":"250950Z JUL 2022","status":"in_force","authority":"RUSSIA COAST WEST 46/22 250926Z JUL 22.","coordsCount":1,"shape":"point","subject":"NAV","hazard":null,"b2":"A"}},{"type":"Feature","geometry":{"type":"Point","coordinates":[72.156667,71.564667]},"properties":{"id":"nga:C:178/2023","source":"nga","kind":"hydro","navArea":"HYDROARC","number":"178/2023","title":"KARA SEA.","text":"KARA SEA.\nRUSSIA.\nDNC 22.\n1. BOTTOM SCIENTIFIC MOORING ESTABLISHED\n   UNTIL FURTHER NOTICE IN 71-33.88N 072-09.40E.\n   200 METER BERTH REQUESTED.\n2. CANCEL HYDROARC 175/23.\n","issueDate":"220705Z AUG 2023","status":"in_force","authority":"RUSSIA COAST WEST 59/23 220615Z AUG 23.","coordsCount":1,"shape":"point","subject":"NAV","hazard":null,"b2":"A"}},{"type":"Feature","geometry":{"type":"Point","coordinates":[-137.575,69]},"properties":{"id":"nga:C:198/2022","source":"nga","kind":"hydro","navArea":"HYDROARC","number":"198/2022","title":"BEAUFORT SEA.","text":"BEAUFORT SEA.\nCANADA.\nDNC 27.\nRACON AT SHINGLE POINT BEACON\n69-00.00N 137-34.50W INOPERATIVE.\n","issueDate":"111644Z AUG 2022","status":"in_force","authority":"NAVAREA XVII 58/22 111400Z AUG 22.","coordsCount":1,"shape":"point","subject":"NAV","hazard":null,"b2":"A"}},{"type":"Feature","geometry":{"type":"Point","coordinates":[-101.138667,68.9825]},"properties":{"id":"nga:C:207/2021","source":"nga","kind":"hydro","navArea":"HYDROARC","number":"207/2021","title":"QUEEN MAUD GULF.","text":"QUEEN MAUD GULF.\nCANADA.\nDNC 28.\n1. 23.8 METER SHOAL IN 68-58.95N 101-08.32W.\n2. CANCEL HYDROARC 206/21.\n","issueDate":"022318Z SEP 2021","status":"in_force","authority":"NAVAREA XVIII 84/21 022309Z SEP 21.","coordsCount":1,"shape":"point","subject":"NAV","hazard":null,"b2":"A"}},{"type":"Feature","geometry":{"type":"Point","coordinates":[-100.972667,69.024667]},"properties":{"id":"nga:C:208/2021","source":"nga","kind":"hydro","navArea":"HYDROARC","number":"208/2021","title":"QUEEN MAUD GULF.","text":"QUEEN MAUD GULF.\nCANADA.\nDNC 28.\n13.7 METER SHOAL IN 69-01.48N 100-58.36W.\n","issueDate":"022338Z SEP 2021","status":"in_force","authority":"NAVAREA XVIII 85/21 022337Z SEP 21.","coordsCount":1,"shape":"point","subject":"NAV","hazard":null,"b2":"A"}},{"type":"Feature","geometry":{"type":"Point","coordinates":[-111.3535,67.898167]},"properties":{"id":"nga:C:223/2022","source":"nga","kind":"hydro","navArea":"HYDROARC","number":"223/2022","title":"CORONATION GULF.","text":"CORONATION GULF.\nCANADA.\nDNC 28.\nSCIENTIFIC MOORING, TOP FLOAT 15 METERS BELOW\nSURFACE, ESTABLISHED IN 67-53.89N 111-21.21W.\n","issueDate":"191806Z AUG 2022","status":"in_force","authority":"NAVAREA XVIII 69/22 191739Z AUG 22.","coordsCount":1,"shape":"point","subject":"NAV","hazard":null,"b2":"A"}},{"type":"Feature","geometry":{"type":"Point","coordinates":[-112.352,68.345833]},"properties":{"id":"nga:C:224/2022","source":"nga","kind":"hydro","navArea":"HYDROARC","number":"224/2022","title":"CORONATION GULF.","text":"CORONATION GULF.\nCANADA.\nDNC 28.\nSCIENTIFIC MOORING, TOP FLOAT 15 METERS BELOW\nSURFACE, ESTABLISHED IN 68-20.75N 112-21.12W.\n","issueDate":"191808Z AUG 2022","status":"in_force","authority":"NAVAREA XVIII 70/22 191742Z AUG 22.","coordsCount":1,"shape":"point","subject":"NAV","hazard":null,"b2":"A"}},{"type":"Feature","geometry":{"type":"LineString","coordinates":[[-107.954667,67.668167],[-107.964333,67.672667]]},"properties":{"id":"nga:C:228/2022","source":"nga","kind":"hydro","navArea":"HYDROARC","number":"228/2022","title":"CORONATION GULF.","text":"CORONATION GULF.\nCANADA.\nDNC 28.\nSCIENTIFIC MOORING, TOP FLOAT 15 METERS BELOW\nSURFACE, ESTABLISHED IN:\nA. 67-40.09N 107-57.28W.\nB. 67-40.36N 107-57.86W.\n","issueDate":"210503Z AUG 2022","status":"in_force","authority":"NAVAREA XVIII 71/22 210402Z AUG 22.","coordsCount":2,"shape":"line","subject":"NAV","hazard":null,"b2":"A"}},{"type":"Feature","geometry":{"type":"Point","coordinates":[-168.000667,75.100333]},"properties":{"id":"nga:C:23/2024","source":"nga","kind":"hydro","navArea":"HYDROARC","number":"23/2024","title":"CHUKCHI SEA.","text":"CHUKCHI SEA.\nDNC 27.\nSCIENTIFIC MOORING, TOP FLOAT 42 METERS\nESTABLISHED IN 75-06.02N 168-00.04W.\n","issueDate":"240218Z FEB 2024","status":"in_force","authority":"NAVAREA XVII 11/24 232200Z FEB 24.","coordsCount":1,"shape":"point","subject":"NAV","hazard":null,"b2":"A"}},{"type":"Feature","geometry":{"type":"Polygon","coordinates":[[[-103.008667,68.655333],[-103.014667,68.6655],[-101.519333,68.890167],[-103.008667,68.655333]]]},"properties":{"id":"nga:C:235/2022","source":"nga","kind":"hydro","navArea":"HYDROARC","number":"235/2022","title":"QUEEN MAUD GULF.","text":"QUEEN MAUD GULF.\nCANADA.\nDNC 28.\nSUB-SURFACE SCIENTIFIC MOORINGS ESTABLISHED:\nA. 68-39.32N 103-00.52W, TOP FLOAT FOUR METERS.\nB. 68-39.93N 103-00.88W, TOP FLOAT 20 METERS.\nC. 68-53.41N 101-31.16W, TOP FLOAT FOUR METERS.\n","issueDate":"240925Z AUG 2022","status":"in_force","authority":"NAVAREA XVIII 79/22 240900Z AUG 22.","coordsCount":3,"shape":"area","subject":"NAV","hazard":null,"b2":"A"}},{"type":"Feature","geometry":{"type":"Point","coordinates":[-91.047167,74.145833]},"properties":{"id":"nga:C:239/2023","source":"nga","kind":"hydro","navArea":"HYDROARC","number":"239/2023","title":"LANCASTER SOUND.","text":"LANCASTER SOUND.\nCANADA.\nDNC 28.\nSCIENTIFIC MOORING, TOP FLOAT 30 METERS,\nESTABLISHED IN 74-08.75N 091-02.83W.\n","issueDate":"022346Z OCT 2023","status":"in_force","authority":"NAVAREA XVIII 81/23 022300Z OCT 23.","coordsCount":1,"shape":"point","subject":"NAV","hazard":null,"b2":"A"}},{"type":"Feature","geometry":{"type":"Point","coordinates":[-90.546833,74.463833]},"properties":{"id":"nga:C:240/2023","source":"nga","kind":"hydro","navArea":"HYDROARC","number":"240/2023","title":"LANCASTER SOUND.","text":"LANCASTER SOUND.\nCANADA.\nDNC 28.\nSCIENTIFIC MOORING, TOP FLOAT 30 METERS,\nESTABLISHED IN 74-27.83N 090-32.81W.\n","issueDate":"022359Z OCT 2023","status":"in_force","authority":"NAVAREA XVIII 82/23 022300Z OCT 23.","coordsCount":1,"shape":"point","subject":"NAV","hazard":null,"b2":"A"}},{"type":"Feature","geometry":{"type":"LineString","coordinates":[[-94.8,74.686667],[-94.8,74.688333]]},"properties":{"id":"nga:C:243/2023","source":"nga","kind":"hydro","navArea":"HYDROARC","number":"243/2023","title":"CANADA.","text":"CANADA.\nDNC 28.\nLIGHTS UNLIT:\nA. RESOLUTE BAY RANGE FRONT LIGHT 74-41.20N 094-48.00W.\nB. RESOLUTE BAY RANGE REAR LIGHT 74-41.30N 094-48.00W.\n","issueDate":"050052Z OCT 2023","status":"in_force","authority":"NAVAREA XVIII 87/23 041849Z OCT 23.","coordsCount":2,"shape":"line","subject":"NAV","hazard":"obstruction","b2":"A"}},{"type":"Feature","geometry":{"type":"Polygon","coordinates":[[[175.551167,74.886833],[173.524,74.584333],[173.876667,73.276],[175.551167,74.886833]]]},"properties":{"id":"nga:C:254/2023","source":"nga","kind":"hydro","navArea":"HYDROARC","number":"254/2023","title":"EAST SIBERIAN SEA.","text":"EAST SIBERIAN SEA.\nDNC 27.\n1. AUTONOMOUS BUOY STATIONS ESTABLISHED IN:\n   A. 74-53.21N 175-33.07E.\n   B. 74-35.06N 173-31.44E.\n   C. 73-16.56N 173-52.60E.\n   ONE MILE BERTH REQUESTED.\n2. CANCEL HYDROARC 283/22.\n","issueDate":"130722Z OCT 2023","status":"in_force","authority":"NAVAREA XXI 56/23 130705Z OCT 23.","coordsCount":3,"shape":"area","subject":"NAV","hazard":null,"b2":"A"}},{"type":"Feature","geometry":{"type":"MultiPoint","coordinates":[[73.900667,68.72],[73.8435,68.689167],[73.9145,68.6665],[73.812833,68.662333],[73.839667,68.646333],[73.825333,68.6415],[73.844833,68.634167],[73.802,68.629333]]},"properties":{"id":"nga:C:258/2023","source":"nga","kind":"hydro","navArea":"HYDROARC","number":"258/2023","title":"KARA SEA.","text":"KARA SEA.\nRUSSIA.\nDNC 22.\nSHOALS REPORTED:\nA. 9.6 METERS IN 68-43.20N 073-54.04E.\nB. 9.2 METERS IN 68-41.35N 073-50.61E.\nC. 9.2 METERS IN 68-39.99N 073-54.87E.\nD. 9.5 METERS IN 68-39.74N 073-48.77E.\nE. 9.6 METERS IN 68-38.78N 073-50.38E.\nF. 9.0 METERS IN 68-38.49N 073-49.52E.\nG. 9.6 METERS IN 68-38.05N 073-50.69E.\nH. 9.3 METERS IN 68-37.76N 073-48.12E.\n","issueDate":"172026Z OCT 2023","status":"in_force","authority":"RUSSIA COASTAL WARNING WEST 94/23 171815Z OCT 23.","coordsCount":8,"shape":"points","subject":"NAV","hazard":null,"b2":"A"}},{"type":"Feature","geometry":{"type":"MultiPoint","coordinates":[[73.799833,68.622167],[73.816167,68.620833],[73.829167,68.618833],[73.801,68.602167],[73.831667,68.611333],[73.828833,68.605333],[73.793167,68.604333],[73.799333,68.599833],[73.782167,68.595333],[73.814833,68.5945],[73.855,68.575333]]},"properties":{"id":"nga:C:259/2023","source":"nga","kind":"hydro","navArea":"HYDROARC","number":"259/2023","title":"KARA SEA.","text":"KARA SEA.\nRUSSIA.\nDNC 22.\nSHOALS REPORTED:\nA. 9.4 METERS IN 68-37.33N 073-47.99E.\nB. 9.5 METERS IN 68-37.25N 073-48.97E.\nC. 9.5 METERS IN 68-37.13N 073-49.75E.\nD. 9.5 METERS IN 68-36.13N 073-48.06E.\nE. 9.4 METERS IN 68-36.68N 073-49.90E.\nF. 9.6 METERS IN 68-36.32N 073-49.73E.\nG. 9.4 METERS IN 68-36.26N 073-47.59E.\nH. 9.2 METERS IN 68-35.99N 073-47.96E.\nI. 9.1 METERS IN 68-35.72N 073-46.93E.\nJ. 9.6 METERS IN 68-35.67N 073-48.89E.\nK. 9.6 METERS IN 68-34.52N 073-51.30E.\n","issueDate":"172031Z OCT 2023","status":"in_force","authority":"RUSSIA COASTAL WARNING WEST 95/23 171815Z OCT 23.","coordsCount":11,"shape":"points","subject":"NAV","hazard":null,"b2":"A"}},{"type":"Feature","geometry":{"type":"Point","coordinates":[-100.781,68.325]},"properties":{"id":"nga:C:260/2022","source":"nga","kind":"hydro","navArea":"HYDROARC","number":"260/2022","title":"QUEEN MAUD GULF.","text":"QUEEN MAUD GULF.\nCANADA.\nDNC 28.\n16 METER SHOAL IN 68-19.50N 100-46.86W.\n","issueDate":"060435Z SEP 2022","status":"in_force","authority":"NAVAREA XVIII 88/22 060421Z SEP 22.","coordsCount":1,"shape":"point","subject":"NAV","hazard":null,"b2":"A"}},{"type":"Feature","geometry":{"type":"Point","coordinates":[-95.356667,68.605333]},"properties":{"id":"nga:C:262/2022","source":"nga","kind":"hydro","navArea":"HYDROARC","number":"262/2022","title":"CANADA.","text":"CANADA.\nDNC 28.\n14 METER SHOAL IN 68-36.32N 095-21.40W.\n","issueDate":"082312Z SEP 2022","status":"in_force","authority":"NAVAREA XVIII 90/22 082302Z SEP 22.","coordsCount":1,"shape":"point","subject":"NAV","hazard":null,"b2":"A"}},{"type":"Feature","geometry":{"type":"Point","coordinates":[-161.942333,74.523]},"properties":{"id":"nga:C:269/2023","source":"nga","kind":"hydro","navArea":"HYDROARC","number":"269/2023","title":"CHUKCHI SEA.","text":"CHUKCHI SEA.\nDNC 27.\nSCIENTIFIC MOORING, TOP FLOAT 35 METERS,\nESTABLISHED IN 74-31.38N 161-56.54W.\n","issueDate":"250552Z OCT 2023","status":"in_force","authority":"NAVAREA XVII 77/23 250542Z OCT 23.","coordsCount":1,"shape":"point","subject":"NAV","hazard":null,"b2":"A"}},{"type":"Feature","geometry":{"type":"Polygon","coordinates":[[[-155.346833,71.796333],[-155.163833,71.7345],[-154.999667,71.673],[-155.346833,71.796333]]]},"properties":{"id":"nga:C:270/2023","source":"nga","kind":"hydro","navArea":"HYDROARC","number":"270/2023","title":"BEAUFORT SEA.","text":"BEAUFORT SEA.\nALASKA.\nDNC 27.\n1. SCIENTIFIC MOORINGS ESTABLISHED IN:\n   A. 71-47.78N 155-20.81W, TOP FLOAT 15 METERS.\n   B. 71-44.07N 155-09.83W, TOP FLOAT 20 METERS.\n   C. 71-40.38N 154-59.98W, TOP FLOAT 19 METERS.\n2. CANCEL HYDROARC 271/22.\n","issueDate":"250642Z OCT 2023","status":"in_force","authority":"NAVAREA XVII 78/23 250604Z OCT 23.","coordsCount":3,"shape":"area","subject":"NAV","hazard":null,"b2":"A"}},{"type":"Feature","geometry":{"type":"Point","coordinates":[-81.227,73.7235]},"properties":{"id":"nga:C:272/2023","source":"nga","kind":"hydro","navArea":"HYDROARC","number":"272/2023","title":"LANCASTER SOUND.","text":"LANCASTER SOUND.\nCANADA.\nDNC 28.\n13.9 METER SHOAL IN 73-43.41N 081-13.62W.\n","issueDate":"270134Z OCT 2023","status":"in_force","authority":"NAVAREA XVIII 101/23 262301Z OCT 23.","coordsCount":1,"shape":"point","subject":"NAV","hazard":null,"b2":"A"}},{"type":"Feature","geometry":{"type":"MultiPoint","coordinates":[[-91.250833,74.606167],[-91.262167,74.6045],[-91.252833,74.604],[-90.020833,74.080833],[-90.827333,74.2095],[-90.817333,74.197833],[-91.134167,74.5955],[-90.770667,74.211167],[-90.7715,74.198167]]},"properties":{"id":"nga:C:291/2022","source":"nga","kind":"hydro","navArea":"HYDROARC","number":"291/2022","title":"LANCASTER SOUND.","text":"LANCASTER SOUND.\nCANADA.\nDNC 28.\nSCIENTIFIC MOORINGS ESTABLISHED:\nA. 74-36.37N 091-15.05W, TOP FLOAT 147 METERS.\nB. 74-36.27N 091-15.73W, TOP FLOAT 59 METERS.\nC. 74-36.24N 091-15.17W, TOP FLOAT 44 METERS.\nD. 74-04.85N 090-01.25W, TOP FLOAT 32 METERS.\nE. 74-12.57N 090-49.64W, TOP FLOAT 246 METERS.\nF. 74-11.87N 090-49.04W, TOP FLOAT 26 METERS.\nG. 74-35.73N 091-08.05W, TOP FLOAT 72 METERS.\nH. 74-12.67N 090-46.24W, TOP FLOAT 61 METERS.\nI. 74-11.89N 090-46.29W, TOP FLOAT 36 METERS.\n","issueDate":"232233Z SEP 2022","status":"in_force","authority":"NAVAREA XVIII 97/22 231734Z SEP 22.","coordsCount":9,"shape":"points","subject":"NAV","hazard":null,"b2":"A"}},{"type":"Feature","geometry":{"type":"Polygon","coordinates":[[[-97.707333,70.055167],[-97.323167,70.05],[-97.970833,69.96],[-97.739167,69.8995],[-97.707333,70.055167]]]},"properties":{"id":"nga:C:293/2022","source":"nga","kind":"hydro","navArea":"HYDROARC","number":"293/2022","title":"MCCLINTOCK CHANNEL.","text":"MCCLINTOCK CHANNEL.\nCANADA.\nDNC 28.\nSHOALS REPORTED IN:\nA. 31.7 METERS, 70-03.31N 097-42.44W.\nB. 20.9 METERS, 70-03.00N 097-19.39W.\nC. 20.2 METERS, 69-57.60N 097-58.25W.\nD. 23.4 METERS, 69-53.97N 097-44.35W.\n","issueDate":"260815Z SEP 2022","status":"in_force","authority":"NAVAREA XVIII 99/22 260400Z SEP 22.","coordsCount":4,"shape":"area","subject":"NAV","hazard":null,"b2":"A"}},{"type":"Feature","geometry":{"type":"LineString","coordinates":[[-128.348,70.509333],[-128.345667,70.505833],[-128.332833,70.501667]]},"properties":{"id":"nga:C:54/2024","source":"nga","kind":"hydro","navArea":"HYDROARC","number":"54/2024","title":"BEAUFORT SEA.","text":"BEAUFORT SEA.\nCANADA.\nDNC 27.\nBAILLIE ISLAND SAND SPIT, MARKED BY DAYMARK,\nSHIFTED ALONG TRACKLINE JOINING\n70-30.56N 128-20.88W, 70-30.35N 128-20.74W,\n70-30.10N 128-19.97W.\n","issueDate":"120051Z APR 2024","status":"in_force","authority":"NAVAREA XVII 20/24 120015Z APR 24.","coordsCount":3,"shape":"trackline","subject":"NAV","hazard":null,"b2":"A"}},{"type":"Feature","geometry":{"type":"Polygon","coordinates":[[[4.696667,67.485],[3.998333,67.35],[3.891667,67.056667],[2.123333,66.688333],[3.67,66.01],[6.535,66.57],[4.696667,67.485]]]},"properties":{"id":"nga:C:64/2024","source":"nga","kind":"hydro","navArea":"HYDROARC","number":"64/2024","title":"NORWEGIAN SEA.","text":"NORWEGIAN SEA.\nDNC 20, DNC 21.\nSURVEY OPERATIONS IN PROGRESS UNTIL FURTHER NOTICE\nBY M/V RAMFORM HYPERION TOWING 14 SIX MILE LONG\nCABLES IN AREA BOUND BY\n67-29.10N 004-41.80E, 67-21.00N 003-59.90E,\n67-03.40N 003-53.50E, 66-41.30N 002-07.40E,\n66-00.60N 003-40.20E, 66-34.20N 006-32.10E.\nSEVEN MILE BERTH REQUESTED.\n","issueDate":"262115Z APR 2024","status":"in_force","authority":"NAVAREA XIX 34/24 262057Z APR 24.","coordsCount":6,"shape":"area","subject":"NAV","hazard":"survey","b2":"A"}},{"type":"Feature","geometry":{"type":"Point","coordinates":[48.435,28.766667]},"properties":{"id":"nga:P:1008/2023","source":"nga","kind":"hydro","navArea":"HYDROPAC","number":"1008/2023","title":"PERSIAN GULF.","text":"PERSIAN GULF.\nKUWAIT.\nDNC 10.\n1. WRECK OF METEOROLOGICAL TOWER MARKED BY LIGHT\n   IN 28-46.0N 048-26.1E.\n2. CANCEL HYDROPAC 705/21\n","issueDate":"241509Z MAR 2023","status":"in_force","authority":"NAVAREA IX 135/23 241456Z MAR 23.","coordsCount":1,"shape":"point","subject":"NAV","hazard":"obstruction","b2":"A"}},{"type":"Feature","geometry":{"type":"LineString","coordinates":[[114.897167,-20.489],[115.4115,-20.689667]]},"properties":{"id":"nga:P:1039/2024","source":"nga","kind":"hydro","navArea":"HYDROPAC","number":"1039/2024","title":"EASTERN INDIAN OCEAN.","text":"EASTERN INDIAN OCEAN.\nAUSTRALIA.\nDNC 04.\nUNDERWATER OPERATIONS IN PROGRESS\nUNTIL FURTHER NOTICE BY M/V BRAVENES\nALONG TRACKLINE JOINING\n20-29.34S 114-53.83E, 20-41.38S 115-24.69E.\nONE MILE BERTH REQUESTED.\n","issueDate":"311010Z MAR 2024","status":"in_force","authority":"AUSCOAST 110/24 310935Z MAR 24.","coordsCount":2,"shape":"trackline","subject":"NAV","hazard":null,"b2":"A"}},{"type":"Feature","geometry":{"type":"Point","coordinates":[113.246667,-19.91]},"properties":{"id":"nga:P:1087/2024","source":"nga","kind":"hydro","navArea":"HYDROPAC","number":"1087/2024","title":"EASTERN INDIAN OCEAN.","text":"EASTERN INDIAN OCEAN.\nDNC 04.\nUNDERWATER OPERATIONS IN PROGRESS UNTIL FURTHER\nNOTICE BY M/V DLV 2000 IN 19-54.60S 113-14.80E.\nTHREE MILE BERTH REQUESTED.\n","issueDate":"051032Z APR 2024","status":"in_force","authority":"AUSCOAST 116/24 050938Z APR 24.","coordsCount":1,"shape":"point","subject":"NAV","hazard":null,"b2":"A"}},{"type":"Feature","geometry":{"type":"Point","coordinates":[57.764333,25.6365]},"properties":{"id":"nga:P:1114/2024","source":"nga","kind":"hydro","navArea":"HYDROPAC","number":"1114/2024","title":"GULF OF OMAN.","text":"GULF OF OMAN.\nIRAN.\nDNC 10.\nLATTICE BEACON 25-38.19N 057-45.86E\nINOPERATIVE.\n","issueDate":"071704Z APR 2024","status":"in_force","authority":"NAVAREA IX 140/24 071651Z APR 24.","coordsCount":1,"shape":"point","subject":"NAV","hazard":null,"b2":"A"}},{"type":"Feature","geometry":{"type":"Polygon","coordinates":[[[178.600167,-17.689333],[178.600833,-17.6885],[178.602167,-17.689333],[178.600167,-17.689333]]]},"properties":{"id":"nga:P:1115/2023","source":"nga","kind":"hydro","navArea":"HYDROPAC","number":"1115/2023","title":"FIJI.","text":"FIJI.\nDNC 06.\nSHOALS REPORTED IN:\nA. TWO METERS 17-41.36S 178-36.01E.\nB. 4.8 METERS 17-41.31S 178-36.05E.\nC. 4.5 METERS 17-41.36S 178-36.13E.\n","issueDate":"030117Z APR 2023","status":"in_force","authority":"NAVAREA XIV 55/23 030019Z APR 23.","coordsCount":3,"shape":"area","subject":"NAV","hazard":null,"b2":"A"}},{"type":"Feature","geometry":{"type":"Point","coordinates":[148.098333,-40.585]},"properties":{"id":"nga:P:1186/2024","source":"nga","kind":"hydro","navArea":"HYDROPAC","number":"1186/2024","title":"BASS STRAIT.","text":"BASS STRAIT.\nTASMANIA.\nDNC 05.\nDERELICT SEVEN METER VESSEL AVANATOR, WHITE HULL,\nUNLIT AND ANCHORED IN 40-35.10S 148-05.90E AT\n120620Z APR.\n","issueDate":"120809Z APR 2024","status":"in_force","authority":"SEA SAFETY 26/24 120729Z APR 24.","coordsCount":1,"shape":"point","subject":"NAV","hazard":"obstruction","b2":"A"}},{"type":"Feature","geometry":{"type":"Polygon","coordinates":[[[115.402667,-20.682833],[115.402667,-20.693667],[115.414167,-20.693667],[115.414167,-20.682833],[115.402667,-20.682833]]]},"properties":{"id":"nga:P:1188/2024","source":"nga","kind":"hydro","navArea":"HYDROPAC","number":"1188/2024","title":"EASTERN INDIAN OCEAN.","text":"EASTERN INDIAN OCEAN.\nAUSTRALIA.\nDNC 04.\n1. UNDERWATER OPERATIONS IN PROGRESS UNTIL\n   FURTHER NOTICE BY M/V BHAGWAN DRYDEN\n   IN AREA BOUND BY\n   20-40.97S 115-24.16E, 20-41.62S 115-24.16E,\n   20-41.62S 115-24.85E, 20-40.97S 115-24.85E.\n   THREE MILE BERTH REQUESTED.\n2. CANCEL HYDROPAC 546/24.\n","issueDate":"120848Z APR 2024","status":"in_force","authority":"AUSCOAST 123/24 120718Z APR 24.","coordsCount":4,"shape":"area","subject":"NAV","hazard":null,"b2":"A"}},{"type":"Feature","geometry":{"type":"Point","coordinates":[134.042333,-11.648667]},"properties":{"id":"nga:P:119/2024","source":"nga","kind":"hydro","navArea":"HYDROPAC","number":"119/2024","title":"ARAFURA SEA.","text":"ARAFURA SEA.\nAUSTRALIA.\nDNC 05.\nDANGEROUS WRECK IN 11-38.92S 134-02.54E\nAT 041430Z JAN.\n","issueDate":"110735Z JAN 2024","status":"in_force","authority":"AUSCOAST 15/24 110333Z JAN 24.","coordsCount":1,"shape":"point","subject":"NAV","hazard":"obstruction","b2":"A"}},{"type":"Feature","geometry":{"type":"Point","coordinates":[145.03,20.42]},"properties":{"id":"nga:P:12/2024","source":"nga","kind":"hydro","navArea":"HYDROPAC","number":"12/2024","title":"WESTERN NORTH PACIFIC.","text":"WESTERN NORTH PACIFIC.\nNORTHERN MARIANA ISLANDS.\nDNC 12.\nDISCOLORED WATER WITH SUBMARINE VOLCANIC ACTIVITY\nREPORTED IN 20-25.2N 145-01.8E AT 012230Z JAN.\n","issueDate":"012322Z JAN 2024","status":"in_force","authority":"US GEOLOGICAL SURVEY 0/24 012312Z JAN 24.","coordsCount":1,"shape":"point","subject":"NAV","hazard":null,"b2":"A"}},{"type":"Feature","geometry":{"type":"Polygon","coordinates":[[[115.333333,-19.383333],[115.333333,-20.05],[116.616667,-20.05],[116.616667,-19.383333],[115.333333,-19.383333]]]},"properties":{"id":"nga:P:1219/2024","source":"nga","kind":"hydro","navArea":"HYDROPAC","number":"1219/2024","title":"EASTERN INDIAN OCEAN.","text":"EASTERN INDIAN OCEAN.\nAUSTRALIA.\nDNC 04.\nUNDERWATER OPERATIONS IN PROGRESS UNTIL FURTHER\nNOTICE BY M/V FUGRO KWILENA IN AREA BOUND BY\n19-23.00S 115-20.00E, 20-03.00S 115-20.00E,\n20-03.00S 116-37.00E, 19-23.00S 116-37.00E.\nTHREE MILE BERTH REQUESTED.\n","issueDate":"150440Z APR 2024","status":"in_force","authority":"AUSCOAST 125/24 150318Z APR 24.","coordsCount":4,"shape":"area","subject":"NAV","hazard":null,"b2":"A"}},{"type":"Feature","geometry":{"type":"Point","coordinates":[121.96,20.401667]},"properties":{"id":"nga:P:126/2024","source":"nga","kind":"hydro","navArea":"HYDROPAC","number":"126/2024","title":"LUZON STRAIT.","text":"LUZON STRAIT.\nPHILIPPINES.\nDNC 23.\nMAHATAO LIGHT 20-24.10N 121-57.60E UNLIT.\n","issueDate":"111611Z JAN 2024","status":"in_force","authority":"NAVAREA XI 8/24 111601Z JAN 24.","coordsCount":1,"shape":"point","subject":"NAV","hazard":"obstruction","b2":"A"}},{"type":"Feature","geometry":{"type":"Point","coordinates":[105.897667,0.247667]},"properties":{"id":"nga:P:1262/2024","source":"nga","kind":"hydro","navArea":"HYDROPAC","number":"1262/2024","title":"SOUTH CHINA SEA.","text":"SOUTH CHINA SEA.\nINDONESIA.\nDNC 11.\nTUG JTN 2012 AND BARGE CEL 203 UNREPORTED. LAST\nKNOWN POSITION IN VICINITY 00-14.86N 105-53.86E\nON 15 APR. VESSELS IN VICINITY REQUESTED TO KEEP A\nSHARP LOOKOUT, ASSIST IF POSSIBLE.\nREPORTS TO MRCC SINGAPORE,\nPHONE: 656 226 5539,\nEMAIL: POCC@MPA.GOV.SG.\n","issueDate":"171835Z APR 2024","status":"in_force","authority":"MRCC SINGAPORE 0/24 171817Z APR 24.","coordsCount":1,"shape":"point","subject":"NAV","hazard":null,"b2":"A"}},{"type":"Feature","geometry":{"type":"Polygon","coordinates":[[[-109.929833,-26.855167],[-105.305167,-26.093],[-105.08,-26.776167],[-109.714167,-27.618667],[-109.929833,-26.855167]]]},"properties":{"id":"nga:P:1264/2024","source":"nga","kind":"hydro","navArea":"HYDROPAC","number":"1264/2024","title":"EASTERN SOUTH PACIFIC.","text":"EASTERN SOUTH PACIFIC.\nISLA DE PASCUA (EASTER ISLAND).\nDNC 06.\nSURVEY OPERATIONS IN PROGRESS UNTIL FURTHER\nNOTICE BY WAVE GLIDER IN AREA BOUND BY\n26-51.31S 109-55.79W, 26-05.58S 105-18.31W,\n26-46.57S 105-04.80W, 27-37.12S 109-42.85W.\nWIDE BERTH REQUESTED.\n","issueDate":"172129Z APR 2024","status":"in_force","authority":"VALPARAISO PLAYA ANCHA RADIO 96/24 172001Z APR 24.","coordsCount":4,"shape":"area","subject":"NAV","hazard":"survey","b2":"A"}},{"type":"Feature","geometry":{"type":"Point","coordinates":[137.023833,26.757]},"properties":{"id":"nga:P:1309/2024","source":"nga","kind":"hydro","navArea":"HYDROPAC","number":"1309/2024","title":"PHILIPPINE SEA.","text":"PHILIPPINE SEA.\nDNC 12.\nDISTRESS SIGNAL RECEIVED ON 406 MHZ FROM VESSEL\nXIN HAI LENG 1 IN 26-45.42N 137-01.43E AT 220052Z APR.\nVESSELS IN VICINITY REQUESTED TO KEEP A SHARP\nLOOKOUT, ASSIST IF POSSIBLE.\nREPORTS TO JAPAN COAST GUARD, PHONE: 815 2651 4999.\n","issueDate":"220346Z APR 2024","status":"in_force","authority":"JAPAN COAST GUARD 0/24 220340Z APR 24.","coordsCount":1,"shape":"point","subject":"SAR","hazard":"sar","b2":"D"}},{"type":"Feature","geometry":{"type":"Point","coordinates":[106.133333,3.11]},"properties":{"id":"nga:P:1311/2024","source":"nga","kind":"hydro","navArea":"HYDROPAC","number":"1311/2024","title":"SOUTH CHINA SEA.","text":"SOUTH CHINA SEA.\nINDONESIA.\nDNC 11.\nDISTRESS SIGNAL RECEIVED IN VICINITY\n03-06.60N 106-08.00E AT 220715Z APR. VESSELS IN\nVICINITY REQUESTED TO KEEP A SHARP LOOKOUT,\nASSIST IF POSSIBLE. REPORTS TO MRCC SINGAPORE,\nPHONE: 656 226 5539, E-MAIL: POCC@MPA.GOV.SG.\n","issueDate":"220837Z APR 2024","status":"in_force","authority":"MRCC SINGAPORE 0/24 220812Z APR 24.","coordsCount":1,"shape":"point","subject":"SAR","hazard":"sar","b2":"D"}},{"type":"Feature","geometry":{"type":"Point","coordinates":[108.35,21.05]},"properties":{"id":"nga:P:1319/2024","source":"nga","kind":"hydro","navArea":"HYDROPAC","number":"1319/2024","title":"GULF OF TONKIN.","text":"GULF OF TONKIN.\nVIETNAM.\nDNC 23.\nTHREE PERSONS OVERBOARD FROM 19 METER\nF/V GUIFANGYU 96822 IN VICINITY 21-03.00N 108-21.00E\nON 21 APR. VESSELS IN VICINITY REQUESTED TO KEEP A\nSHARP LOOKOUT, ASSIST IF POSSIBLE.\nREPORTS TO MRCC VIETNAM,\nEMAIL: HPLES-GMDSS@HPLES.COM.VN.\n","issueDate":"221602Z APR 2024","status":"in_force","authority":"MRCC VIETNAM 0/24 221549Z APR 24.","coordsCount":1,"shape":"point","subject":"NAV","hazard":null,"b2":"A"}},{"type":"Feature","geometry":{"type":"Point","coordinates":[115.033333,8]},"properties":{"id":"nga:P:1320/2024","source":"nga","kind":"hydro","navArea":"HYDROPAC","number":"1320/2024","title":"SOUTH CHINA SEA.","text":"SOUTH CHINA SEA.\nDNC 11.\nF/V QNG 90729 TS SUFFERED COLLISION IN\n08-00.00N 115-02.00E AT 212000Z APR.\nEIGHT PERSONS RESCUED, 16 PERSONS ADRIFT IN\nLIFE RAFTS, 16 PERSONS REMAIN ABOARD AT\n221220Z APR. VESSELS IN VICINITY REQUESTED\nTO KEEP A SHARP LOOKOUT, ASSIST IF POSSIBLE.\nREPORTS TO MRCC VIETNAM,\nE-MAIL: HPLES-GMDSS@HPLES.COM.VN.\n","issueDate":"221616Z APR 2024","status":"in_force","authority":"MRCC VIETNAM 0/24 221549Z APR 24.","coordsCount":1,"shape":"point","subject":"NAV","hazard":null,"b2":"A"}},{"type":"Feature","geometry":{"type":"Polygon","coordinates":[[[113.965,-21.46],[114.168333,-21.46],[114.168333,-21.58],[113.965,-21.58],[113.965,-21.46]]]},"properties":{"id":"nga:P:1321/2024","source":"nga","kind":"hydro","navArea":"HYDROPAC","number":"1321/2024","title":"EASTERN INDIAN OCEAN.","text":"EASTERN INDIAN OCEAN.\nAUSTRALIA.\nDNC 04.\nSURVEY OPERATIONS IN PROGRESS UNTIL FURTHER NOTICE\nBY M/V SKANDI HERCULES IN AREA BOUND BY\n21-27.60S 113-57.90E, 21-27.60S 114-10.10E,\n21-34.80S 114-10.10E, 21-34.80S 113-57.90E.\nTHREE MILE BERTH REQUESTED.\n","issueDate":"222322Z APR 2024","status":"in_force","authority":"AUSCOAST 135/24 222306Z APR 24.","coordsCount":4,"shape":"area","subject":"NAV","hazard":"survey","b2":"A"}},{"type":"Feature","geometry":{"type":"Point","coordinates":[112.083333,7.616667]},"properties":{"id":"nga:P:1325/2024","source":"nga","kind":"hydro","navArea":"HYDROPAC","number":"1325/2024","title":"SOUTH CHINA SEA.","text":"SOUTH CHINA SEA.\nDNC 11.\n1. MAN OVERBOARD FROM F/V QNG 95307 TS\n   IN 07-37.00N 112-05.00E AT 212350Z APR.\n   VESSELS IN VICINITY REQUESTED TO KEEP\n   A SHARP LOOKOUT, ASSIST IF POSSIBLE.\n   REPORTS TO MRCC VIETNAM,\n   FAX: 8422 5398 1615,\n   E-MAIL: HPLES-GMDSS@HPLES.COM.VN.\n2. CANCEL HYDROPAC 1313/24.\n","issueDate":"230637Z APR 2024","status":"in_force","authority":"MRCC VIETNAM 0/24 230619Z APR 24.","coordsCount":1,"shape":"point","subject":"SAR","hazard":"sar","b2":"D"}},{"type":"Feature","geometry":{"type":"Point","coordinates":[144.835,13.476667]},"properties":{"id":"nga:P:1335/2024","source":"nga","kind":"hydro","navArea":"HYDROPAC","number":"1335/2024","title":"WESTERN NORTH PACIFIC.","text":"WESTERN NORTH PACIFIC.\nGUAM.\nDNC 12.\nUSCG COMMUNICATION FACILITY GUAM (V)\n13-28.60N 144-50.10E ALL SERVICES UNRELIABLE.\n","issueDate":"232009Z APR 2024","status":"in_force","authority":"COGARD COMMUNICATIONS COMMAND 0/24 232001Z APR 24.","coordsCount":1,"shape":"point","subject":"NAV","hazard":null,"b2":"A"}},{"type":"Feature","geometry":{"type":"Point","coordinates":[80,1.466667]},"properties":{"id":"nga:P:1343/2024","source":"nga","kind":"hydro","navArea":"HYDROPAC","number":"1343/2024","title":"NORTHERN INDIAN OCEAN.","text":"NORTHERN INDIAN OCEAN.\nDNC 03.\n42 FOOT F/V MADU MATHA, BLUE AND WHITE HULL,\nFIVE PERSONS ON BOARD,  DISABLED AND ADRIFT\nDUE TO ENGINE FAILURE IN 01-28.00N 080-00.00E AT\n240348Z APR. VESSELS IN VICINITY REQUESTED TO\nKEEP A SHARP LOOKOUT, ASSIST IF POSSIBLE.\nREPORTS TO MRCC COLOMBO, PHONE: 941 1244 5368,\nE-MAIL: NHQDNO@YAHOO.COM,\nMRCCCOLOMBO@GMAIL.COM.\n","issueDate":"240456Z APR 2024","status":"in_force","authority":"MRCC COLOMBO 0/24 240426Z APR 24.","coordsCount":1,"shape":"point","subject":"NAV","hazard":null,"b2":"A"}},{"type":"Feature","geometry":{"type":"Point","coordinates":[109.1175,15.380833]},"properties":{"id":"nga:P:1344/2024","source":"nga","kind":"hydro","navArea":"HYDROPAC","number":"1344/2024","title":"SOUTH CHINA SEA.","text":"SOUTH CHINA SEA.\nVIETNAM.\nDNC 23.\nBARGE LA 06695 AND BARGE LA 06883, FIVE PERSONS\nON BOARD EACH, SANK WITHIN THREE MILES OF LY SON\n(15-22.85N 109-07.05E). TWO PERSONS RECOVERED,\nEIGHT PERSONS REMAIN MISSING. VESSELS IN VICINITY\nREQUESTED  TO KEEP A SHARP LOOKOUT,\nASSIST IF POSSIBLE. REPORTS TO MRCC VIETNAM,\nEMAIL: HPLES-GMDSS@HPLES.COM.VN.\n","issueDate":"240543Z APR 2024","status":"in_force","authority":"MRCC VIETNAM 0/24 240424Z APR 24.","coordsCount":1,"shape":"point","subject":"NAV","hazard":null,"b2":"A"}},{"type":"Feature","geometry":{"type":"Point","coordinates":[-129.493333,31.308333]},"properties":{"id":"nga:P:1348/2024","source":"nga","kind":"hydro","navArea":"HYDROPAC","number":"1348/2024","title":"EASTERN NORTH PACIFIC.","text":"EASTERN NORTH PACIFIC.\nDNC 13.\nDISTRESS SIGNAL RECEIVED ON 406 MHZ IN\n31-18.50N 129-29.60W. VESSELS IN  VICINITY REQUESTED\nTO KEEP A SHARP LOOKOUT, ASSIST IF POSSIBLE.\nREPORTS TO RCC ALAMEDA, PHONE: 510 437 3701,\nEMAIL: RCCALAMEDA1@USCG.MIL.\n","issueDate":"240702Z APR 2024","status":"in_force","authority":"RCC ALAMEDA 0/24 240658Z APR 24.","coordsCount":1,"shape":"point","subject":"SAR","hazard":"sar","b2":"D"}},{"type":"Feature","geometry":{"type":"Point","coordinates":[-130.723333,39.583333]},"properties":{"id":"nga:P:1355/2024","source":"nga","kind":"hydro","navArea":"HYDROPAC","number":"1355/2024","title":"EASTERN NORTH PACIFIC.","text":"EASTERN NORTH PACIFIC.\nDNC 13.\nDISTRESS SIGNAL RECEIVED ON 406 MHZ IN\n39-35.00N 130-43.40W. VESSELS IN  VICINITY REQUESTED\nTO KEEP A SHARP LOOKOUT, ASSIST IF POSSIBLE.\nREPORTS TO RCC ALAMEDA, PHONE: 510 437 3701,\nEMAIL: RCCALAMEDA1@USCG.MIL.\n","issueDate":"241741Z APR 2024","status":"in_force","authority":"RCC ALAMEDA 0/24 241736Z APR 24.","coordsCount":1,"shape":"point","subject":"SAR","hazard":"sar","b2":"D"}},{"type":"Feature","geometry":{"type":"LineString","coordinates":[[132.541833,42.563833],[158.155833,47.460833]]},"properties":{"id":"nga:P:1358/2024","source":"nga","kind":"hydro","navArea":"HYDROPAC","number":"1358/2024","title":"SEA OF JAPAN.","text":"SEA OF JAPAN.\nWESTERN NORTH PACIFIC.\nCHINA.\nDNC 24.\nDISTRESS SIGNAL RECEIVED ON 406 MHZ AT\n240907Z APR IN:\nA. 42-33.83N 132-32.51E.\nB. 47-27.65N 158-09.35E.\nVESSELS IN VICINITY REQUESTED TO KEEP A SHARP\nLOOKOUT, ASSIST IF POSSIBLE.\nREPORTS TO JAPAN COAST GUARD,\nPHONE: 814 5663 4999.\n","issueDate":"242032Z APR 2024","status":"in_force","authority":"JAPAN COAST GUARD 0/24 242026Z APR 24.","coordsCount":2,"shape":"line","subject":"SAR","hazard":"sar","b2":"D"}},{"type":"Feature","geometry":{"type":"Point","coordinates":[55.991667,-8.888333]},"properties":{"id":"nga:P:1367/2024","source":"nga","kind":"hydro","navArea":"HYDROPAC","number":"1367/2024","title":"WESTERN INDIAN OCEAN.","text":"WESTERN INDIAN OCEAN.\nDNC 02.\nMAN OVERBOARD FROM M/V XIN QI XIANG 217 IN\n08-53.30S 055-59.50E AT 250001Z APR. VESSELS IN\nVICINITY REQUESTED TO KEEP A SHARP LOOKOUT,\nASSIST IF POSSIBLE. REPORTS TO MRCC SEYCHELLES,\nPHONE: 248 429 0900, 248 422 4616,\nE-MAIL: MRCC@SCG.SPDF.SC OR MRCC REUNION,\nPHONE: 2622 6243 4343, E-MAIL: REUNION@MRCCFR.EU.\n","issueDate":"250927Z APR 2024","status":"in_force","authority":"MRCC REUNION 0/24 250910Z APR 24.","coordsCount":1,"shape":"point","subject":"SAR","hazard":"sar","b2":"D"}},{"type":"Feature","geometry":{"type":"Point","coordinates":[109.5,12.633333]},"properties":{"id":"nga:P:1397/2024","source":"nga","kind":"hydro","navArea":"HYDROPAC","number":"1397/2024","title":"SOUTH CHINA SEA.","text":"SOUTH CHINA SEA.\nVIETNAM.\nDNC 11.\nBARGE HP 4400, FOUR PERSONS ON BOARD, DISABLED\nAND ADRIFT IN 12-38.00N 109-30.00E AT 280035Z APR.\nVESSELS IN VICINITY REQUESTED TO KEEP A SHARP LOOKOUT,\nASSIST IF POSSIBLE. REPORTS TO\nVIET NAM COASTAL RADIO STATION SYSTEM.\nEMAIL: HPLES-GMDSS@HPLES.COM.VN.\n","issueDate":"280540Z APR 2024","status":"in_force","authority":"MRCC VIETNAM 0/24 280534Z APR 24.","coordsCount":1,"shape":"point","subject":"NAV","hazard":null,"b2":"A"}},{"type":"Feature","geometry":{"type":"Point","coordinates":[93.5135,11.137167]},"properties":{"id":"nga:P:1412/2024","source":"nga","kind":"hydro","navArea":"HYDROPAC","number":"1412/2024","title":"ANDAMAN SEA.","text":"ANDAMAN SEA.\nINDIA.\nDNC 03.\nLIGHT, FL (2) 15 SEC 10 MILES ESTABLISHED IN 11-08.23N 093-30.81E.\n","issueDate":"291402Z APR 2024","status":"in_force","authority":"NAVAREA VIII 437/24 291024Z APR 24.","coordsCount":1,"shape":"point","subject":"NAV","hazard":null,"b2":"A"}},{"type":"Feature","geometry":{"type":"Point","coordinates":[53.053667,25.026167]},"properties":{"id":"nga:P:1419/2023","source":"nga","kind":"hydro","navArea":"HYDROPAC","number":"1419/2023","title":"PERSIAN GULF.","text":"PERSIAN GULF.\nU.A.E.\nDNC 10.\nLOST ANCHOR REPORTED IN 25-01.57N 053-03.22E.\n","issueDate":"291138Z APR 2023","status":"in_force","authority":"NAVAREA IX 177/23 290415Z APR 23.","coordsCount":1,"shape":"point","subject":"NAV","hazard":null,"b2":"A"}},{"type":"Feature","geometry":{"type":"Point","coordinates":[67.348333,23.863333]},"properties":{"id":"nga:P:1423/2024","source":"nga","kind":"hydro","navArea":"HYDROPAC","number":"1423/2024","title":"ARABIAN SEA.","text":"ARABIAN SEA.\nINDIA.\nDNC 03.\n1. DANGEROUS WRECK IN VICINITY 23-51.80N 067-20.90E.\n2. CANCEL HYDROPAC 1414/24.\n","issueDate":"301235Z APR 2024","status":"in_force","authority":"NAVAREA IX 168/24 301212Z APR 24.","coordsCount":1,"shape":"point","subject":"NAV","hazard":"obstruction","b2":"A"}},{"type":"Feature","geometry":{"type":"Point","coordinates":[106.116,3.123]},"properties":{"id":"nga:P:1427/2024","source":"nga","kind":"hydro","navArea":"HYDROPAC","number":"1427/2024","title":"SOUTH CHINA SEA.","text":"SOUTH CHINA SEA.\nINDONESIA.\nDNC 11.\nDISTRESS SIGNAL RECEIVED IN VICINITY\n03-07.38N 106-06.96E AT 300100Z APR.\nVESSELS IN VICINITY REQUESTED TO KEEP\nA SHARP LOOKOUT, ASSIST IF POSSIBLE.\nREPORTS TO MRCC SINGAPORE,\nPHONE: 656 226 5539,\nE-MAIL: POCC@MPA.GOV.SG.\n","issueDate":"301527Z APR 2024","status":"in_force","authority":"MRCC SINGAPORE 0/24 301449Z APR 24.","coordsCount":1,"shape":"point","subject":"SAR","hazard":"sar","b2":"D"}},{"type":"Feature","geometry":{"type":"Point","coordinates":[178.832,-17.682833]},"properties":{"id":"nga:P:1430/2024","source":"nga","kind":"hydro","navArea":"HYDROPAC","number":"1430/2024","title":"WESTERN SOUTH PACIFIC.","text":"WESTERN SOUTH PACIFIC.\nFIJI.\nDNC 06.\nNA TUMBARI RANGE, S ENTRANCE, REAR LIGHT\n17-40.97S 178-49.92E UNLIT.\n","issueDate":"302206Z APR 2024","status":"in_force","authority":"NAVAREA XIV 64/24 302133Z APR 24.","coordsCount":1,"shape":"point","subject":"NAV","hazard":"obstruction","b2":"A"}},{"type":"Feature","geometry":{"type":"Point","coordinates":[153.1675,43.072]},"properties":{"id":"nga:P:1433/2024","source":"nga","kind":"hydro","navArea":"HYDROPAC","number":"1433/2024","title":"WESTERN NORTH PACIFIC.","text":"WESTERN NORTH PACIFIC.\nDNC 24.\nDISTRESS SIGNAL RECEIVED ON 406 MHZ\nIN 43-04.32N 153-10.05E AT 010302Z MAY.\nVESSELS IN VICINITY REQUESTED TO KEEP\nA SHARP LOOKOUT, ASSIST IF POSSIBLE.\nREPORTS TO JAPAN COAST GUARD,\nPHONE: 811 3427 6172.\n","issueDate":"010645Z MAY 2024","status":"in_force","authority":"JAPAN COAST GUARD 0/24 010634Z MAY 24.","coordsCount":1,"shape":"point","subject":"SAR","hazard":"sar","b2":"D"}},{"type":"Feature","geometry":{"type":"Point","coordinates":[118.953,-17.522]},"properties":{"id":"nga:P:1434/2024","source":"nga","kind":"hydro","navArea":"HYDROPAC","number":"1434/2024","title":"EASTERN INDIAN OCEAN.","text":"EASTERN INDIAN OCEAN.\nDNC 04.\nRACON AT IMPERIEUSE REEF LIGHT\n17-31.32S 118-57.18E INOPERATIVE.\n","issueDate":"010654Z MAY 2024","status":"in_force","authority":"AUSCOAST 144/24 010616Z MAY 24.","coordsCount":1,"shape":"point","subject":"NAV","hazard":null,"b2":"A"}},{"type":"Feature","geometry":{"type":"Point","coordinates":[93.505833,11.142]},"properties":{"id":"nga:P:1438/2024","source":"nga","kind":"hydro","navArea":"HYDROPAC","number":"1438/2024","title":"ANDAMAN SEA.","text":"ANDAMAN SEA.\nINDIA.\nDNC 03.\nISOLATED DANGER BUOY 11-08.52N 093-30.35E UNLIT.\n","issueDate":"011230Z MAY 2024","status":"in_force","authority":"NAVAREA VIII 444/24 011006Z MAY 24.","coordsCount":1,"shape":"point","subject":"NAV","hazard":"obstruction","b2":"A"}},{"type":"Feature","geometry":{"type":"Point","coordinates":[51.059833,26.55]},"properties":{"id":"nga:P:1455/2022","source":"nga","kind":"hydro","navArea":"HYDROPAC","number":"1455/2022","title":"PERSIAN GULF.","text":"PERSIAN GULF.\nBAHRAIN.\nDNC 10.\nBAHRAIN LIGHT BUOY 26-33.00N 051-03.59E UNLIT.\n","issueDate":"241603Z MAY 2022","status":"in_force","authority":"NAVAREA IX 198/22 241545Z MAY 22.","coordsCount":1,"shape":"point","subject":"NAV","hazard":"obstruction","b2":"A"}},{"type":"Feature","geometry":{"type":"Point","coordinates":[-72.031667,-17.005]},"properties":{"id":"nga:P:1461/2024","source":"nga","kind":"hydro","navArea":"HYDROPAC","number":"1461/2024","title":"PERU.","text":"PERU.\nDNC 07.\n1. NAVTEX STATION MOLLENDO (W)\n   17-00.30S 072-01.90W OFF AIR.\n2. TRANSMISSION WILL CONTINUE VIA SAFETYNET\n   AND SAFETYCAST.\n3. CANCEL HYDROPAC 936/24.\n","issueDate":"022305Z MAY 2024","status":"in_force","authority":"NAVAREA XVI 65/24 022153Z MAY 24.","coordsCount":1,"shape":"point","subject":"NAV","hazard":null,"b2":"A"}},{"type":"Feature","geometry":{"type":"Point","coordinates":[130.266833,-9.821333]},"properties":{"id":"nga:P:1463/2024","source":"nga","kind":"hydro","navArea":"HYDROPAC","number":"1463/2024","title":"TIMOR SEA.","text":"TIMOR SEA.\nAUSTRALIA.\nDNC 04.\nUNDERWATER OPERATIONS IN PROGRESS UNTIL FURTHER\nNOTICE BY M/V SEVEN OCEANS IN 09-49.28S 130-16.01E.\nTHREE MILE BERTH REQUESTED.\n","issueDate":"030019Z MAY 2024","status":"in_force","authority":"AUSCOAST 146/24 022344Z MAY 24.","coordsCount":1,"shape":"point","subject":"NAV","hazard":null,"b2":"A"}},{"type":"Feature","geometry":{"type":"Point","coordinates":[105.783333,19.15]},"properties":{"id":"nga:P:1468/2024","source":"nga","kind":"hydro","navArea":"HYDROPAC","number":"1468/2024","title":"GULF OF TONKIN.","text":"GULF OF TONKIN.\nVIETNAM.\nDNC 23.\nF/V NA 4611TS, THREE PERSONS ON BOARD,\nSANK IN 19-09.00N 105-47.00E AT 021900Z MAY.\nONE PERSON RESCUED, TWO PERSONS REMAIN\nMISSING. VESSELS IN VICINITY REQUESTED TO\nKEEP A SHARP LOOKOUT, ASSIST IF POSSIBLE.\nREPORTS TO MRCC VIETNAM,\nFAX: 8422 5398 1615,\nE-MAIL: HPLES-GMDSS@HPLES.COM.VN.\n","issueDate":"030534Z MAY 2024","status":"in_force","authority":"MRCC VIETNAM 0/24 030517Z MAY 24.","coordsCount":1,"shape":"point","subject":"NAV","hazard":null,"b2":"A"}},{"type":"Feature","geometry":{"type":"Point","coordinates":[108.75,18.166667]},"properties":{"id":"nga:P:1471/2024","source":"nga","kind":"hydro","navArea":"HYDROPAC","number":"1471/2024","title":"SOUTH CHINA SEA.","text":"SOUTH CHINA SEA.\nCHINA.\nDNC 23.\nF/V QB 92699 TS, SEVEN PERSONS ON BOARD,\nSANK IN 18-10.00N 108-45.00E AT 021900Z MAY.\nONE PERSON RESCUED, SIX PERSONS REMAIN\nMISSING. VESSELS IN VICINITY REQUESTED TO\nKEEP A SHARP LOOKOUT, ASSIST IF POSSIBLE.\nREPORTS TO MRCC VIETNAM,\nE-MAIL: HPLES-GMDSS@HPLES.COM.VN.\n","issueDate":"030715Z MAY 2024","status":"in_force","authority":"MRCC VIETNAM 0/24 030659Z MAY 24.","coordsCount":1,"shape":"point","subject":"NAV","hazard":null,"b2":"A"}},{"type":"Feature","geometry":{"type":"LineString","coordinates":[[142.216667,-9.266667],[142.516667,-9.416667]]},"properties":{"id":"nga:P:1487/2024","source":"nga","kind":"hydro","navArea":"HYDROPAC","number":"1487/2024","title":"TORRES STRAIT.","text":"TORRES STRAIT.\nPAPUA NEW GUINEA.\nDNC 05.\nFIVE PERSONS OVERBOARD FROM VESSSEL, CAPSIZED\nAND ADRIFT IN VICINITY OF TRACKLINE JOINING\n09-16.00S 142-13.00E, 09-25.00S 142-31.00E.\nVESSELS IN VICINITY REQUESTED\nTO KEEP A SHARP LOOKOUT, ASSIST IF POSSIBLE.\nREPORTS TO JRCC AUSTRALIA, PHONE: 612 6230 6811,\nE-MAIL: RCCAUS@AMSA.GOV.AU.\n","issueDate":"040122Z MAY 2024","status":"in_force","authority":"JRCC AUSTRALIA 3659/24 040100Z MAY 24.","coordsCount":2,"shape":"trackline","subject":"NAV","hazard":null,"b2":"A"}},{"type":"Feature","geometry":{"type":"Point","coordinates":[167.753333,46.438333]},"properties":{"id":"nga:P:1491/2024","source":"nga","kind":"hydro","navArea":"HYDROPAC","number":"1491/2024","title":"NORTH PACIFIC.","text":"NORTH PACIFIC.\nDNC 24.\nMAN OVERBOARD FROM M/V ARGENT IRIS IN VICINITY\n46-26.30N 167-45.20E AT 040100Z MAY. VESSELS IN\nVICINITY REQUESTED TO KEEP A SHARP LOOKOUT,\nASSIST IF POSSIBLE. REPORTS TO JRCC JUNEAU,\nPHONE: 907 463 2000, EMAIL: JRCCJUNEAU@USCG.MIL.\n","issueDate":"040724Z MAY 2024","status":"in_force","authority":"JRCC JUNEAU 0/24 040705Z MAY 24.","coordsCount":1,"shape":"point","subject":"SAR","hazard":"sar","b2":"D"}},{"type":"Feature","geometry":{"type":"Point","coordinates":[141.616667,4.55]},"properties":{"id":"nga:P:1499/2024","source":"nga","kind":"hydro","navArea":"HYDROPAC","number":"1499/2024","title":"WESTERN NORTH PACIFIC.","text":"WESTERN NORTH PACIFIC.\nDNC 12.\nDISTRESS SIGNAL RECEIVED ON 406 MHZ IN\n04-33.00N 141-37.00E AT 050828Z MAY. VESSELS IN\nVICINITY REQUESTED TO KEEP A SHARP LOOKOUT,\nASSIST IF POSSIBLE. REPORTS TO RCC GUAM,\nPHONE: 671 355 4824, EMAIL: RCCGUAM@USCG.MIL.\n","issueDate":"050923Z MAY 2024","status":"in_force","authority":"RCC GUAM 0/24 050912Z MAY 24.","coordsCount":1,"shape":"point","subject":"SAR","hazard":"sar","b2":"D"}},{"type":"Feature","geometry":{"type":"Point","coordinates":[104.800833,1.538333]},"properties":{"id":"nga:P:1502/2024","source":"nga","kind":"hydro","navArea":"HYDROPAC","number":"1502/2024","title":"SOUTH CHINA SEA.","text":"SOUTH CHINA SEA.\nINDONESIA.\nDNC 03.\nMAN OVERBOARD FROM M/V GLORY PROSPERITY\nIN VICNITY 01-32.30N 104-48.05E AT 051135Z MAY.\nVESSELS IN VICINITY REQUESTED TO KEEP A SHARP\nLOOKOUT, ASSIST IF POSSIBLE.\nREPORTS TO MRCC SINGAPORE, PHONE: 656 226 5539,\nE-MAIL: POCC@MPA.GOV.SG.\n","issueDate":"052126Z MAY 2024","status":"in_force","authority":"MRCC SINGAPORE 0/24 052112Z MAY 24.","coordsCount":1,"shape":"point","subject":"SAR","hazard":"sar","b2":"D"}},{"type":"Feature","geometry":{"type":"Point","coordinates":[171.1905,-42.44]},"properties":{"id":"nga:P:1507/2024","source":"nga","kind":"hydro","navArea":"HYDROPAC","number":"1507/2024","title":"TASMAN SEA.","text":"TASMAN SEA.\nNEW ZEALAND.\nDNC 06.\nSOUTH BREAKWATER LIGHT 42-26.40S 171-11.43E\nUNRELIABLE.\n","issueDate":"060720Z MAY 2024","status":"in_force","authority":"CNW 81/24 060704Z MAY 24.","coordsCount":1,"shape":"point","subject":"NAV","hazard":null,"b2":"A"}},{"type":"Feature","geometry":{"type":"LineString","coordinates":[[144.455,13.57],[144.758333,13.498333]]},"properties":{"id":"nga:P:1519/2024","source":"nga","kind":"hydro","navArea":"HYDROPAC","number":"1519/2024","title":"PHILIPPINE SEA.","text":"PHILIPPINE SEA.\nWESTERN NORTH PACIFIC.\nGUAM.\nDNC 12.\nCABLE OPERATIONS IN PROGRESS UNTIL FURTHER\nNOTICE BY CABLESHIP ILE DE BREHAT\nALONG TRACKLINE JOINING\n13-47.5N 143.46.0E, 13-34.2N 144-27.3E,\n13-29.9N 144-45.5E.\nWIDE BERTH REQUESTED.\n","issueDate":"070316Z MAY 2024","status":"in_force","authority":"ILE DE BREHAT 0/24 070301Z MAY 24.","coordsCount":2,"shape":"trackline","subject":"NAV","hazard":"cable","b2":"A"}},{"type":"Feature","geometry":{"type":"Point","coordinates":[114.412,9.829]},"properties":{"id":"nga:P:1520/2024","source":"nga","kind":"hydro","navArea":"HYDROPAC","number":"1520/2024","title":"SOUTH CHINA SEA.","text":"SOUTH CHINA SEA.\nDNC 11.\nDISTRESS SIGNAL RECEIVED ON 406 MHZ IN VICINITY\n09-49.74N 114-24.72E AT 070145Z MAY. VESSELS IN\nVICINITY REQUESTED TO KEEP A SHARP LOOKOUT,\nASSIST IF POSSIBLE. REPORTS TO MRCC SINGAPORE,\nPHONE: 656 226 5539, EMAIL: POCC@MPA.GOV.SG.\n","issueDate":"070834Z MAY 2024","status":"in_force","authority":"MRCC SINGAPORE 0/24 070825Z MAY 24.","coordsCount":1,"shape":"point","subject":"SAR","hazard":"sar","b2":"D"}},{"type":"Feature","geometry":{"type":"Point","coordinates":[92.933333,12.31]},"properties":{"id":"nga:P:1525/2023","source":"nga","kind":"hydro","navArea":"HYDROPAC","number":"1525/2023","title":"ANDAMAN SEA.","text":"ANDAMAN SEA.\nANDAMAN ISLANDS.\nDNC 03.\nCAPE PORTMAN LIGHT 12-18.60N 092-56.00E UNLIT.\n","issueDate":"081353Z MAY 2023","status":"in_force","authority":"NAVAREA VIII 455/23 081004Z MAY 23.","coordsCount":1,"shape":"point","subject":"NAV","hazard":"obstruction","b2":"A"}},{"type":"Feature","geometry":{"type":"Polygon","coordinates":[[[119.190333,13.181333],[119.626667,13.198],[119.444333,12.009333],[119.008667,11.982333],[119.190333,13.181333]]]},"properties":{"id":"nga:P:1525/2024","source":"nga","kind":"hydro","navArea":"HYDROPAC","number":"1525/2024","title":"SOUTH CHINA SEA.","text":"SOUTH CHINA SEA.\nPHILIPPINES.\nDNC 11.\nSURVEY OPERATIONS 080001Z MAY UNTIL FURTHER\nNOTICE BY M/V SW THURIDUR TOWING\nTEN EIGHT METER LONG CABLES IN AREA BOUND BY\n13-10.88N 119-11.42E, 13-11.88N 119-37.60E,\n12-00.56N 119-26.66E, 11-58.94N 119-00.52E.\nWIDE BERTH REQUESTED.\n","issueDate":"071206Z MAY 2024","status":"in_force","authority":"NAVAREA XI 222/24 071140Z MAY 24.","coordsCount":4,"shape":"area","subject":"NAV","hazard":"survey","b2":"A"}},{"type":"Feature","geometry":{"type":"Point","coordinates":[136.950667,-13.634]},"properties":{"id":"nga:P:1526/2024","source":"nga","kind":"hydro","navArea":"HYDROPAC","number":"1526/2024","title":"GULF OF CARPENTARIA.","text":"GULF OF CARPENTARIA.\nAUSTRALIA.\nDNC 05.\n1. NORTH EAST ISLET LIGHT 13-38.04S 136-57.04E UNLIT.\n2. CANCEL HYDROPAC 1518/24(81).\n","issueDate":"071319Z MAY 2024","status":"in_force","authority":"AUSCOAST 148/24 071308Z MAY 24.","coordsCount":1,"shape":"point","subject":"NAV","hazard":"obstruction","b2":"A"}},{"type":"Feature","geometry":{"type":"Point","coordinates":[147.466667,6.033333]},"properties":{"id":"nga:P:1528/2024","source":"nga","kind":"hydro","navArea":"HYDROPAC","number":"1528/2024","title":"WESTERN NORTH PACIFIC.","text":"WESTERN NORTH PACIFIC.\nDNC 12.\nDISTRESS SIGNAL RECEIVED ON 406 MHZ IN\n06-02.00N 147-28.00E AT 080203Z MAY. VESSELS IN\nVICINITY REQUESTED TO KEEP A SHARP LOOKOUT,\nASSIST IF POSSIBLE. REPORTS TO RCC GUAM,\nPHONE: 671 355 4824, EMAIL: RCCGUAM@USCG.MIL.\n","issueDate":"071445Z MAY 2024","status":"in_force","authority":"RCC GUAM 0/24 071437Z MAY 24.","coordsCount":1,"shape":"point","subject":"SAR","hazard":"sar","b2":"D"}},{"type":"Feature","geometry":{"type":"Point","coordinates":[145.016667,20.416667]},"properties":{"id":"nga:P:153/2024","source":"nga","kind":"hydro","navArea":"HYDROPAC","number":"153/2024","title":"WESTERN NORTH PACIFIC.","text":"WESTERN NORTH PACIFIC.\nNORTHERN MARIANA ISLANDS.\nDNC 12.\nDISCOLORED WATER WITH INCREASED LIKELIHOOD\nOF SUBMARINE VOLCANIC ACTIVITY REPORTED\nIN 20-25.00N 145-01.00E AT 132250Z JAN.\n","issueDate":"132349Z JAN 2024","status":"in_force","authority":"US GEOLOGICAL SURVEY 0/24 132346Z JAN 24.","coordsCount":1,"shape":"point","subject":"NAV","hazard":null,"b2":"A"}},{"type":"Feature","geometry":{"type":"Point","coordinates":[136.1215,-11.545]},"properties":{"id":"nga:P:1531/2024","source":"nga","kind":"hydro","navArea":"HYDROPAC","number":"1531/2024","title":"ARAFURA SEA.","text":"ARAFURA SEA.\nAUSTRALIA.\nDNC 05.\nSTEVENS ISLAND LIGHT 11-32.70S 136-07.29E UNLIT.\n","issueDate":"080322Z MAY 2024","status":"in_force","authority":"AUSCOAST 149/24 080308Z MAY 24.","coordsCount":1,"shape":"point","subject":"NAV","hazard":"obstruction","b2":"A"}},{"type":"Feature","geometry":{"type":"Point","coordinates":[109.5175,11.453]},"properties":{"id":"nga:P:1532/2024","source":"nga","kind":"hydro","navArea":"HYDROPAC","number":"1532/2024","title":"SOUTH CHINA SEA.","text":"SOUTH CHINA SEA.\nVIETNAM.\nDNC 11.\nM/V GLOBAL EVEREST, 19 PERSONS ON BOARD,\nDISABLED IN 11-27.18N 109-31.05E AT 072351Z MAY.\nVESSELS IN VICINITY REQUESTED TO KEEP A SHARP\nLOOKOUT, ASSIST IF POSSIBLE.\nREPORTS TO MRCC VIETNAM,\nE-MAIL: HPLES-GMDSS@HPLES.COM.VN.\n","issueDate":"080424Z MAY 2024","status":"in_force","authority":"MRCC VIETNAM 0/24 080417Z MAY 24.","coordsCount":1,"shape":"point","subject":"NAV","hazard":null,"b2":"A"}},{"type":"Feature","geometry":{"type":"Polygon","coordinates":[[[51.8,26.153833],[52.047833,26.109],[51.948833,25.521],[51.686,25.564167],[51.8,26.153833]]]},"properties":{"id":"nga:P:1540/2024","source":"nga","kind":"hydro","navArea":"HYDROPAC","number":"1540/2024","title":"PERSIAN GULF.","text":"PERSIAN GULF.\nQATAR.\nDNC 10.\nSURVEY OPERATIONS 08 MAY UNTIL FURTHER\nNOTICE BY M/V HORIZON GEOBAY\nIN AREA BOUND BY\n26-09.23N 051-48.00E, 26-06.54N 052-02.87E,\n25-31.26N 051-56.93E, 25-33.85N 051-41.16E.\nWIDE BERTH REQUESTED.\n","issueDate":"081538Z MAY 2024","status":"in_force","authority":"NAVAREA IX 175/24 081503Z MAY 24.","coordsCount":4,"shape":"area","subject":"NAV","hazard":"survey","b2":"A"}},{"type":"Feature","geometry":{"type":"Point","coordinates":[149.316667,5.95]},"properties":{"id":"nga:P:1542/2024","source":"nga","kind":"hydro","navArea":"HYDROPAC","number":"1542/2024","title":"WESTERN NORTH PACIFIC.","text":"WESTERN NORTH PACIFIC.\nMICRONESIA, FEDERATED STATES OF.\nDNC 12.\n1. DISTRESS SIGNAL RECEIVED ON 406 MHZ IN\n   05-57.0N 149-19.0E AT 081600Z MAY. VESSELS IN\n   VICINITY REQUESTED TO KEEP A SHARP LOOKOUT,\n   ASSIST IF POSSIBLE. REPORTS TO RCC GUAM,\n   PHONE: 671 355 4824, EMAIL: RCCGUAM@USCG.MIL.\n2. CANCEL HYDROPAC 1541/24\n","issueDate":"081909Z MAY 2024","status":"in_force","authority":"RCC GUAM 0/24 081701Z MAY 24.","coordsCount":1,"shape":"point","subject":"SAR","hazard":"sar","b2":"D"}},{"type":"Feature","geometry":{"type":"Point","coordinates":[143.462667,-12.621667]},"properties":{"id":"nga:P:1544/2024","source":"nga","kind":"hydro","navArea":"HYDROPAC","number":"1544/2024","title":"CORAL SEA.","text":"CORAL SEA.\nAUSTRALIA.\nDNC 05.\nRESTORATION ROCK LIGHT 12-37.30S 143-27.76E\nUNRELIABLE.\n","issueDate":"090322Z MAY 2024","status":"in_force","authority":"AUSCOAST 152/24 090306Z MAY 24.","coordsCount":1,"shape":"point","subject":"NAV","hazard":null,"b2":"A"}},{"type":"Feature","geometry":{"type":"Point","coordinates":[136.933333,1.083333]},"properties":{"id":"nga:P:1546/2024","source":"nga","kind":"hydro","navArea":"HYDROPAC","number":"1546/2024","title":"WESTERN NORTH PACIFIC.","text":"WESTERN NORTH PACIFIC.\nDNC 12.\nDISTRESS SIGNAL RECEIVED ON 406 MHZ IN\n01-05.00N 136-56.00E ON 09 MAY. VESSELS IN VICINITY\nREQUESTED TO KEEP A SHARP LOOKOUT, ASSIST IF\nPOSSIBLE. REPORTS TO RCC GUAM, PHONE: 671 355 4824,\n671 355 4910, EMAIL: RCCGUAM@USCG.MIL.\n","issueDate":"090759Z MAY 2024","status":"in_force","authority":"RCC GUAM 0/24 090751Z MAY 24.","coordsCount":1,"shape":"point","subject":"SAR","hazard":"sar","b2":"D"}},{"type":"Feature","geometry":{"type":"Point","coordinates":[109,16]},"properties":{"id":"nga:P:1548/2024","source":"nga","kind":"hydro","navArea":"HYDROPAC","number":"1548/2024","title":"SOUTH CHINA SEA.","text":"SOUTH CHINA SEA.\nVIETNAM.\nDNC 23.\nF/V QNG 98275 TS REPROTS CREWMAN WITH AMPUTATED\nLEG IN VICINITY 16-00.00N 109-00.00E AT 090400Z MAY.\nVESSELS IN VICINITY ABLE TO PROVIDE MEDICAL\nASSISTANCE REQUESTED TO ASSIST IF POSSIBLE.\nREPORTS TO MRCC VIETNAM,\nEMAIL: HPLES-GMDSS@HPLES.COM.VN.\n","issueDate":"091721Z MAY 2024","status":"in_force","authority":"MRCC VIETNAM 0/24 091559Z MAY 24.","coordsCount":1,"shape":"point","subject":"NAV","hazard":null,"b2":"A"}},{"type":"Feature","geometry":{"type":"LineString","coordinates":[[115.188833,-8.409],[102.26,-3.79]]},"properties":{"id":"nga:P:1549/2024","source":"nga","kind":"hydro","navArea":"HYDROPAC","number":"1549/2024","title":"BALI SEA.","text":"BALI SEA.\nJAVA SEA.\nSTRAIT OF MALACCA.\nINDONESIA TO MALAYSIA.\nDNC 03, DNC 04.\nVESSEL, FOUR PERSONS ON BOARD, UNREPORTED BALI\n(08-24.54S 115-11.33E) TO MALAYSIA. LAST KNOWN\nPOSITION IN VICINITY 03-47.40S 102-15.60E AT\n271102Z APR. VESSELS IN VICINITY REQUESTED TO KEEP A\nSHARP LOOKOUT, ASSIST IF POSSIBLE.\nREPORTS TO RCC BASARNAS, PHONE: 6221 6586 7510,\nEMAIL: RCC.INDONESIA@BASARNAS.GO.ID.\n","issueDate":"091746Z MAY 2024","status":"in_force","authority":"RCC BASARNAS 0/24 091553Z MAY 24.","coordsCount":2,"shape":"line","subject":"NAV","hazard":null,"b2":"A"}},{"type":"Feature","geometry":{"type":"Point","coordinates":[-81.084667,-5.0775]},"properties":{"id":"nga:P:1550/2024","source":"nga","kind":"hydro","navArea":"HYDROPAC","number":"1550/2024","title":"PERU.","text":"PERU.\nDNC 07.\nSUBMERGED OBSTRUCTION REPORTED, WRECK,\nF/V DON GUILLERMO IV SUNK IN 05-04.65S 081-05.08W.\n","issueDate":"092213Z MAY 2024","status":"in_force","authority":"NAVAREA XVI 68/23 092045Z MAY 24.","coordsCount":1,"shape":"point","subject":"NAV","hazard":"obstruction","b2":"A"}},{"type":"Feature","geometry":{"type":"Point","coordinates":[108.983333,17.366667]},"properties":{"id":"nga:P:1555/2024","source":"nga","kind":"hydro","navArea":"HYDROPAC","number":"1555/2024","title":"SOUTH CHINA SEA.","text":"SOUTH CHINA SEA.\nVIETNAM.\nDNC 23.\nF/V TTH 95599 TS, 13 PERSONS ON BOARD, DISABLED\nAND ADRIFT IN 17-22N 108-59E AT 070300Z MAY.\nVESSELS IN VICINITY REQUESTED TO KEEP A SHARP\nLOOKOUT, ASSIST IF POSSIBLE.\nREPORTS TO MRCC VIETNAM,\nE-MAIL: HPLES-GMDSS@HPLES.COM.VN.\n","issueDate":"100235Z MAY 2024","status":"in_force","authority":"MRCC VIETNAM 0/24 100220Z MAY 24.","coordsCount":1,"shape":"point","subject":"NAV","hazard":null,"b2":"A"}},{"type":"Feature","geometry":{"type":"LineString","coordinates":[[115.48,-20.053333],[115.21,-19.91]]},"properties":{"id":"nga:P:1558/2024","source":"nga","kind":"hydro","navArea":"HYDROPAC","number":"1558/2024","title":"EASTERN INDIAN OCEAN.","text":"EASTERN INDIAN OCEAN.\nAUSTRALIA.\nDNC 04.\n1. CABLE OPERATIONS IN PROGRESS UNTIL\n   FURTHER NOTICE BY M/V CASTORONE\n   ALONG TRACKLINE JOINING\n   20-03.20S 115-28.80E, 19-54.60S 115-12.60E.\n   ONE MILE BERTH REQUESTED.\n2. CANCEL HYDROPAC 1458/24.\n","issueDate":"100341Z MAY 2024","status":"in_force","authority":"AUSCOAST 153/24 100239Z MAY 24.","coordsCount":2,"shape":"trackline","subject":"NAV","hazard":"cable","b2":"A"}},{"type":"Feature","geometry":{"type":"Polygon","coordinates":[[[122.089667,24.8545],[122.052333,24.842833],[122.066167,24.8],[122.1055,24.802167],[122.105,24.808667],[122.089667,24.8545]]]},"properties":{"id":"nga:P:1561/2024","source":"nga","kind":"hydro","navArea":"HYDROPAC","number":"1561/2024","title":"PHILIPPINE SEA.","text":"PHILIPPINE SEA.\nTAIWAN.\nDNC 23.\nCABLE OPERATIONS 100900Z MAY UNTIL FURTHER NOTICE\nBY CABLESHIP PETER FABER IN AREA BOUND BY\n24-51.27N 122-05.38E, 24-50.57N 122-03.14E,\n24-48.00N 122-03.97E, 24-48.13N 122-06.33E,\n24-48.52N 122-06.30E.\nWIDE BERTH REQUESTED.\n","issueDate":"100559Z MAY 2024","status":"in_force","authority":"NAVAREA XI 223/24 100544Z MAY 24.","coordsCount":5,"shape":"area","subject":"NAV","hazard":"cable","b2":"A"}},{"type":"Feature","geometry":{"type":"Point","coordinates":[37.593333,-30.825]},"properties":{"id":"nga:P:1565/2024","source":"nga","kind":"hydro","navArea":"HYDROPAC","number":"1565/2024","title":"SOUTHWESTERN INDIAN OCEAN.","text":"SOUTHWESTERN INDIAN OCEAN.\nDNC 02.\nMAN OVERBOARD FROM CABLESHIP RUI NING 21\nIN VICINITY 30-49.5S 037-35.6E.\nVESSELS IN VICINITY REQUESTED TO KEEP A SHARP\nLOOKOUT, ASSIST IF POSSIBLE.\nREPORTS TO ANY COASTAL RADIO STATION.\n","issueDate":"100830Z MAY 2024","status":"in_force","authority":"NAVAREA VII 165/24 100806Z MAY 24.","coordsCount":1,"shape":"point","subject":"SAR","hazard":"sar","b2":"D"}},{"type":"Feature","geometry":{"type":"Polygon","coordinates":[[[148.216667,-37.95],[148.216667,-38.9],[149.05,-38.9],[149.05,-37.95],[148.216667,-37.95]]]},"properties":{"id":"nga:P:1571/2024","source":"nga","kind":"hydro","navArea":"HYDROPAC","number":"1571/2024","title":"BASS STRAIT.","text":"BASS STRAIT.\nAUSTRALIA.\nDNC 05.\n1. UNDERWATER OPERATIONS IN PROGRESS\n   UNTIL FURTHER NOTICE BY M/V INVESTIGATOR\n   IN AREA BOUND BY\n   37-57.00S 148-13.00E, 38-54.00S 148-13.00E,\n   38-54.00S 149-03.00E, 37-57.00S 149-03.00E.\n   ONE MILE BERTH REQUESTED.\n2. CANCEL HYDROLANT 1564/24.\n","issueDate":"101515Z MAY 2024","status":"in_force","authority":"AUSCOAST 154/24 101452Z MAY 24.","coordsCount":4,"shape":"area","subject":"NAV","hazard":null,"b2":"A"}},{"type":"Feature","geometry":{"type":"Point","coordinates":[73.805,15.484667]},"properties":{"id":"nga:P:1621/2023","source":"nga","kind":"hydro","navArea":"HYDROPAC","number":"1621/2023","title":"ARABIAN SEA.","text":"ARABIAN SEA.\nINDIA.\nDNC 03.\nDANGEROUS WRECK IN 15-29.08N 073-48.30E.\n","issueDate":"160916Z MAY 2023","status":"in_force","authority":"NAVAREA VIII 484/23 160605Z MAY 23.","coordsCount":1,"shape":"point","subject":"NAV","hazard":"obstruction","b2":"A"}},{"type":"Feature","geometry":{"type":"Point","coordinates":[-114.8875,-4.5245]},"properties":{"id":"nga:P:1740/2023","source":"nga","kind":"hydro","navArea":"HYDROPAC","number":"1740/2023","title":"EASTERN SOUTH PACIFIC.","text":"EASTERN SOUTH PACIFIC.\nDNC 06.\n20 FOOT ROWBOAT, WHITE HULL, ONE PERSON ON\nBOARD, UNREPORTED. LAST KNOWN POSITION IN\n04-31.47S 114-53.25W ON 20 MAY. VESSELS IN\nVICINITY REQUESTED TO KEEP A SHARP LOOKOUT,\nASSIST IF POSSIBLE. REPORTS TO RCC ALAMEDA,\nTELEX: 230172343, PHONE: 510 437 3701,\nE-MAIL: RCCALAMEDA1@USCG.MIL.\n","issueDate":"251004Z MAY 2023","status":"in_force","authority":"RCC ALAMEDA 0/23 250957Z MAY 23.","coordsCount":1,"shape":"point","subject":"NAV","hazard":null,"b2":"A"}},{"type":"Feature","geometry":{"type":"Point","coordinates":[66.715,25.093333]},"properties":{"id":"nga:P:1774/2023","source":"nga","kind":"hydro","navArea":"HYDROPAC","number":"1774/2023","title":"PAKISTAN.","text":"PAKISTAN.\nDNC 03.\n1. M/V ERA AGROUND IN 25-05.60N 066-42.90E.\n2. CANCEL HYDROPAC 1768/23.\n","issueDate":"280354Z MAY 2023","status":"in_force","authority":"NAVAREA IX 221/23 280314Z MAY 23.","coordsCount":1,"shape":"point","subject":"NAV","hazard":null,"b2":"A"}},{"type":"Feature","geometry":{"type":"Point","coordinates":[151.221667,-23.276667]},"properties":{"id":"nga:P:1795/2022","source":"nga","kind":"hydro","navArea":"HYDROPAC","number":"1795/2022","title":"CORAL SEA.","text":"CORAL SEA.\nAUSTRALIA.\nDNC 05.\nDANGEROUS WRECK IN 23-16.60S 151-13.30E.\n","issueDate":"010717Z JUL 2022","status":"in_force","authority":"AUSCOAST 136/22 010015Z JUL 22.","coordsCount":1,"shape":"point","subject":"NAV","hazard":"obstruction","b2":"A"}},{"type":"Feature","geometry":{"type":"Point","coordinates":[55.6,-21.1]},"properties":{"id":"nga:P:188/2024","source":"nga","kind":"hydro","navArea":"HYDROPAC","number":"188/2024","title":"WESTERN INDIAN OCEAN.","text":"WESTERN INDIAN OCEAN.\nREUNION.\nDNC 02.\nMRCC LA REUNION 21-06.00S 055-36.00E UNABLE\nTO RECEIVE MF AND HF TRANSMISSIONS.\nFOR ASSISTANCE CONTACT MRCC LA REUNION,\nPHONE: 2622 6243 4343, E-MAIL: REUNION@MRCCFR.EU.\n","issueDate":"161145Z JAN 2024","status":"in_force","authority":"MRCC LA REUNION 0/24 161130Z JAN 24.","coordsCount":1,"shape":"point","subject":"NAV","hazard":null,"b2":"A"}},{"type":"Feature","geometry":{"type":"Point","coordinates":[55.368,25.6795]},"properties":{"id":"nga:P:1938/2023","source":"nga","kind":"hydro","navArea":"HYDROPAC","number":"1938/2023","title":"PERSIAN GULF.","text":"PERSIAN GULF.\nU.A.E..\nDNC 10.\nDANGEROUS WRECK, LEAST DEPTH 16.7 METERS,\nIN 25-40.77N 055-22.08E.\n","issueDate":"091931Z JUN 2023","status":"in_force","authority":"NAVAREA IX 245/23 091709Z JUN 23.","coordsCount":1,"shape":"point","subject":"NAV","hazard":"obstruction","b2":"A"}},{"type":"Feature","geometry":{"type":"Point","coordinates":[141.241667,25.451667]},"properties":{"id":"nga:P:1982/2023","source":"nga","kind":"hydro","navArea":"HYDROPAC","number":"1982/2023","title":"PHILIPPINE SEA.","text":"PHILIPPINE SEA.\nJAPAN.\nDNC 12.\n1. DISCOLORED WATER REPORTED IN VICINITY\n   25-27.10N 141-14.50E AT 140425Z JUN.\n2. CANCEL HYDROPAC 1568/23.\n","issueDate":"141333Z JUN 2023","status":"in_force","authority":"NAVAREA XI 206/23 141203Z JUN 23.","coordsCount":1,"shape":"point","subject":"NAV","hazard":null,"b2":"A"}},{"type":"Feature","geometry":{"type":"Point","coordinates":[76.979667,8.382833]},"properties":{"id":"nga:P:1996/2023","source":"nga","kind":"hydro","navArea":"HYDROPAC","number":"1996/2023","title":"ARABIAN SEA.","text":"ARABIAN SEA.\nINDIA.\nDNC 03.\nRACON (O) AT VILINJAM LIGHT 08-22.97N 076-58.78E\nINOPERATIVE.\n","issueDate":"151043Z JUN 2023","status":"in_force","authority":"NAVAREA VIII 574/23 151010Z JUN 23.","coordsCount":1,"shape":"point","subject":"NAV","hazard":null,"b2":"A"}},{"type":"Feature","geometry":{"type":"Point","coordinates":[141.32,24.813333]},"properties":{"id":"nga:P:2027/2021","source":"nga","kind":"hydro","navArea":"HYDROPAC","number":"2027/2021","title":"PHILIPPINE SEA.","text":"PHILIPPINE SEA.\nJAPAN.\nDNC 12.\nDISCOLORED WATER IN VICINITY 24-48.8N 141-19.2E\nAT 130800Z JUL.\n","issueDate":"131231Z JUL 2021","status":"in_force","authority":"NAVAREA XI 231/21 131147Z JUL 21.","coordsCount":1,"shape":"point","subject":"NAV","hazard":null,"b2":"A"}},{"type":"Feature","geometry":{"type":"Polygon","coordinates":[[[-174.986667,-19.986667],[-174.941667,-20.003333],[-175.088333,-20.358333],[-175.223333,-20.638333],[-175.268333,-20.818333],[-175.228333,-20.918333],[-175.273333,-20.941667],[-175.326667,-20.825],[-175.296667,-20.678333],[-175.058333,-20.086667],[-174.986667,-19.986667]]]},"properties":{"id":"nga:P:2153/2023","source":"nga","kind":"hydro","navArea":"HYDROPAC","number":"2153/2023","title":"SOUTH PACIFIC.","text":"SOUTH PACIFIC.\nTONGA.\nDNC 06.\nCABLE OPERATIONS 041700Z JUL UNTIL FURTHER NOTICE BY\nCABLESHIP LODBROG IN AREA BOUND BY\n19-59.20S 174-59.20W, 20-00.20S 174-56.50W,\n20-21.50S 175-05.30W, 20-38.30S 175-13.40W,\n20-49.10S 175-16.10W, 20-55.10S 175-13.70W,\n20-56.50S 175-16.40W, 20-49.50S 175-19.60W,\n20-40.70S 175-17.80W, 20-05.20S 175-03.50W.\nONE MILE BERTH REQUESTED.\n","issueDate":"011639Z JUL 2023","status":"in_force","authority":"NAVAREA XIV 111/23 011545Z JUL 23.","coordsCount":10,"shape":"area","subject":"NAV","hazard":"cable","b2":"A"}},{"type":"Feature","geometry":{"type":"LineString","coordinates":[[-70.423167,-23.491167],[-71.613333,-33.078333]]},"properties":{"id":"nga:P:226/2024","source":"nga","kind":"hydro","navArea":"HYDROPAC","number":"226/2024","title":"EASTERN SOUTH PACIFIC.","text":"EASTERN SOUTH PACIFIC.\nCHILE.\nDNC 07.\n1. NAVTEX STATION ANTOFAGASTA (A)\n   23-29.47S 070-25.39W OFF AIR.\n2. VALPARAISO PLAYA ANCHA RADIO\n   33-04.70S 071-36.80W ASSUMES CONTROL\n   OF NAVTEX AND WILL TRANSMIT VIA SAFETYNET.\n3. CANCEL HYDROPAC 222/24.\n","issueDate":"190343Z JAN 2024","status":"in_force","authority":"NAVAREA XV 11/24 190323Z JAN 24.","coordsCount":2,"shape":"line","subject":"NAV","hazard":null,"b2":"A"}},{"type":"Feature","geometry":{"type":"Point","coordinates":[54.425,25.615]},"properties":{"id":"nga:P:2277/2022","source":"nga","kind":"hydro","navArea":"HYDROPAC","number":"2277/2022","title":"PERSIAN GULF.","text":"PERSIAN GULF.\nU.A.E.\nDNC 10.\n1. UNDERWATER OPERATIONS IN PROGRESS UNTIL\n   FURTHER NOTICE IN 25-36.90N 054-25.50E.\n   ONE MILE BERTH REQUESTED.\n2. CANCEL HYDROPAC 2188/22.\n","issueDate":"190920Z AUG 2022","status":"in_force","authority":"NAVAREA IX 311/22 190545Z AUG 22.","coordsCount":1,"shape":"point","subject":"NAV","hazard":null,"b2":"A"}},{"type":"Feature","geometry":{"type":"Point","coordinates":[-99.328833,12.224667]},"properties":{"id":"nga:P:2394/2023","source":"nga","kind":"hydro","navArea":"HYDROPAC","number":"2394/2023","title":"EASTERN NORTH PACIFIC.","text":"EASTERN NORTH PACIFIC.\nDNC 13.\n60 FOOT S/V DEFIANT, WHITE HULL, ONE PERSON ON BOARD,\nOVERDUE. LAST KNOWN POSITION 12-13.48N 099-19.73W\nON 13 JUL. VESSELS IN VICINITY REQUESTED TO KEEP A SHARP\nLOOKOUT, ASSIST IF POSSIBLE. REPORTS TO RCC ALAMEDA,\nPHONE: 510 437 3701,\nE-MAIL: RCCALAMEDA1@USCG.MIL.\n","issueDate":"212324Z JUL 2023","status":"in_force","authority":"RCC ALAMEDA 0/23 212256Z JUL 23.","coordsCount":1,"shape":"point","subject":"NAV","hazard":null,"b2":"A"}},{"type":"Feature","geometry":{"type":"Point","coordinates":[32.5535,29.838667]},"properties":{"id":"nga:P:241/2024","source":"nga","kind":"hydro","navArea":"HYDROPAC","number":"241/2024","title":"GULF OF SUEZ.","text":"GULF OF SUEZ.\nEGYPT.\nDNC 10.\nDANGEROUS WRECK, LEAST DEPTH 24 METERS,\nMARKED BY ISOLATED DANGER BUOY REPORTED\nIN 29-50.32N 032-33.21E.\n","issueDate":"191913Z JAN 2024","status":"in_force","authority":"NAVAREA IX 29/24 191529Z JAN 24.","coordsCount":1,"shape":"point","subject":"NAV","hazard":"obstruction","b2":"A"}},{"type":"Feature","geometry":{"type":"Point","coordinates":[88.583333,21]},"properties":{"id":"nga:P:2442/2023","source":"nga","kind":"hydro","navArea":"HYDROPAC","number":"2442/2023","title":"BAY OF BENGAL.","text":"BAY OF BENGAL.\nINDIA.\nDNC 03.\nF/V ANIK-1 SANK IN VICINITY 21-00.00N 088-35.00E.\n","issueDate":"261022Z JUL 2023","status":"in_force","authority":"NAVAREA VIII 675/23 261008Z JUL 23.","coordsCount":1,"shape":"point","subject":"NAV","hazard":null,"b2":"A"}},{"type":"Feature","geometry":{"type":"Point","coordinates":[79.4495,9.658167]},"properties":{"id":"nga:P:2526/2023","source":"nga","kind":"hydro","navArea":"HYDROPAC","number":"2526/2023","title":"PALK STRAIT.","text":"PALK STRAIT.\nSRI LANKA.\nDNC 03.\nF/V REPORTED SUNK IN VICINITY 09-39.49N 079-26.97E.\n","issueDate":"050017Z AUG 2023","status":"in_force","authority":"NAVAREA VIII 703/23 042343Z AUG 23.","coordsCount":1,"shape":"point","subject":"NAV","hazard":null,"b2":"A"}},{"type":"Feature","geometry":{"type":"Point","coordinates":[153.599167,-27.985667]},"properties":{"id":"nga:P:2534/2023","source":"nga","kind":"hydro","navArea":"HYDROPAC","number":"2534/2023","title":"CORAL SEA.","text":"CORAL SEA.\nAUSTRALIA.\nDNC 05.\nOBSTRUCTION, 25 METERS BELOW SURFACE,\nREPORTED IN 27-59.14S 153-35.95E.\n","issueDate":"060641Z AUG 2023","status":"in_force","authority":"AUSCOAST 186/23 060634Z AUG 23.","coordsCount":1,"shape":"point","subject":"NAV","hazard":"obstruction","b2":"A"}},{"type":"Feature","geometry":{"type":"Point","coordinates":[65.066667,25.166667]},"properties":{"id":"nga:P:2552/2023","source":"nga","kind":"hydro","navArea":"HYDROPAC","number":"2552/2023","title":"ARABIAN SEA.","text":"ARABIAN SEA.\nPAKISTAN.\nDNC 03.\nDANGEROUS WRECK IN VICINITY 25-10.00N 065-04.00E.\n","issueDate":"071638Z AUG 2023","status":"in_force","authority":"NAVAREA IX 293/23 071559Z AUG 23.","coordsCount":1,"shape":"point","subject":"NAV","hazard":"obstruction","b2":"A"}},{"type":"Feature","geometry":{"type":"Point","coordinates":[72.886,18.244333]},"properties":{"id":"nga:P:2679/2023","source":"nga","kind":"hydro","navArea":"HYDROPAC","number":"2679/2023","title":"ARABIAN SEA.","text":"ARABIAN SEA.\nINDIA.\nDNC 03.\nF/V BANAI SAGAR SANK IN VICINITY\n18-14.66N 072-53.16E.\n","issueDate":"191024Z AUG 2023","status":"in_force","authority":"NAVAREA VIII 733/23 191005Z AUG 23.","coordsCount":1,"shape":"point","subject":"NAV","hazard":null,"b2":"A"}},{"type":"Feature","geometry":{"type":"Point","coordinates":[122.177333,-17.974]},"properties":{"id":"nga:P:2713/2023","source":"nga","kind":"hydro","navArea":"HYDROPAC","number":"2713/2023","title":"EASTERN INDIAN OCEAN.","text":"EASTERN INDIAN OCEAN.\nAUSTRALIA.\nDNC 04.\nGANTHEAUME POINT LIGHT 17-58.44S 122-10.64E\nUNRELIABLE.\n","issueDate":"230836Z AUG 2023","status":"in_force","authority":"AUSCOAST 199/23 230805Z AUG 23.","coordsCount":1,"shape":"point","subject":"NAV","hazard":null,"b2":"A"}},{"type":"Feature","geometry":{"type":"Point","coordinates":[154.107,41.785833]},"properties":{"id":"nga:P:2719/2023","source":"nga","kind":"hydro","navArea":"HYDROPAC","number":"2719/2023","title":"WESTERN NORTH PACIFIC.","text":"WESTERN NORTH PACIFIC.\nDNC 24.\nDISTRESS SIGNAL RECEIVED ON 406 MHZ\nFROM M/V XU CHENG HUI\nIN 41-47.15N 154-06.42E AT 231415Z AUG.\nVESSELS IN VICINITY REQUESTED TO KEEP\nA SHARP LOOKOUT, ASSIST IF POSSIBLE.\nREPORTS TO JAPAN COAST GUARD\nPHONE: 811 3427 6172.\n","issueDate":"232238Z AUG 2023","status":"in_force","authority":"JAPAN COAST GUARD 0/23 232006Z AUG 23.","coordsCount":1,"shape":"point","subject":"SAR","hazard":"sar","b2":"D"}},{"type":"Feature","geometry":{"type":"Point","coordinates":[48.103,29.328]},"properties":{"id":"nga:P:2918/2023","source":"nga","kind":"hydro","navArea":"HYDROPAC","number":"2918/2023","title":"PERSIAN GULF.","text":"PERSIAN GULF.\nIRAN.\nCABLE OPERATIONS IN PROGRESS UNTIL\nFURTHER NOTICE IN VICINITY\n29-19.68N 048-06.18E.\nWIDE BERTH REQUESTED.\n","issueDate":"111948Z SEP 2023","status":"in_force","authority":"NAVAREA IX 340/23 111618Z SEP 23.","coordsCount":1,"shape":"point","subject":"NAV","hazard":"cable","b2":"A"}},{"type":"Feature","geometry":{"type":"LineString","coordinates":[[50.617333,25.7765],[50.567833,25.798167],[50.628,25.741167],[50.734667,25.700667],[50.7545,25.699167]]},"properties":{"id":"nga:P:2939/2023","source":"nga","kind":"hydro","navArea":"HYDROPAC","number":"2939/2023","title":"PERSIAN GULF.","text":"PERSIAN GULF.\nBAHRAIN.\nDNC 10.\n1. CABLE OPERATIONS IN PROGRESS UNTIL FURTHER NOTICE\n   BY M/V HALL-1, M/V ABS, OCEAN-10 BARGE,\n   M/V OCEAN CAT AND TUG OCEAN ALONG TRACKLINE JOINING\n   25-46.59N 050-37.04E, 25-47.89N 050-34.07E,\n   25-44.47N 050-37.68E, 25-42.04N 050-44.08E,\n   25-41.95N 050-45.27E.\n   500 METER BERTH REQUESTED.\n2. CANCEL HYDROPAC 2937/23.\n","issueDate":"132159Z SEP 2023","status":"in_force","authority":"NAVAREA IX 346/37 132137Z SEP 23.","coordsCount":5,"shape":"trackline","subject":"NAV","hazard":"cable","b2":"A"}},{"type":"Feature","geometry":{"type":"Point","coordinates":[145.566667,15.616667]},"properties":{"id":"nga:P:2986/2023","source":"nga","kind":"hydro","navArea":"HYDROPAC","number":"2986/2023","title":"WESTERN NORTH PACIFIC.","text":"WESTERN NORTH PACIFIC.\nNORTHERN MARIANA ISLANDS.\nDNC 12.\nDISCOLORED WATER WITH SUBMARINE VOLCANIC\nACTIVITY REPORTED IN 15-37.00N 145-34.00E\nAT 190306Z SEP.\n","issueDate":"190411Z SEP 2023","status":"in_force","authority":"US GEOLOGICAL SURVEY 180/23 190356Z SEP 23.","coordsCount":1,"shape":"point","subject":"NAV","hazard":null,"b2":"A"}},{"type":"Feature","geometry":{"type":"Point","coordinates":[67.165,24.88]},"properties":{"id":"nga:P:3082/2021","source":"nga","kind":"hydro","navArea":"HYDROPAC","number":"3082/2021","title":"ARABIAN SEA.","text":"ARABIAN SEA.\nPAKISTAN.\nDNC 03.\n1. NAVTEX STATION KARACHI (P) 24-52.8N 067-09.9E\n   INOPERATIVE.\n2. KARACHI BROADCASTS WILL BROADCAST VIA\n   SAFETYNET.\n3. NAVIGATIONAL WARNINGS AVAILABLE ON WEBSITE\n   WWW.PAKNAVY.GOV.PK/HYDRO.\n4. CANCEL HYDROPAC 2392/21.\n","issueDate":"271526Z OCT 2021","status":"in_force","authority":"NAVAREA IX 399/21 271428Z OCT 21.","coordsCount":1,"shape":"point","subject":"NAV","hazard":null,"b2":"A"}},{"type":"Feature","geometry":{"type":"Point","coordinates":[48.368167,29.0915]},"properties":{"id":"nga:P:311/2024","source":"nga","kind":"hydro","navArea":"HYDROPAC","number":"311/2024","title":"PERSIAN GULF.","text":"PERSIAN GULF.\nKUWAIT.\nDNC 10.\nDANGEROUS WRECK MARKED BY BUOY IN 29-05.49N 048-22.09E.\n","issueDate":"251551Z JAN 2024","status":"in_force","authority":"NAVAREA IX 42/24 251540Z JAN 24.","coordsCount":1,"shape":"point","subject":"NAV","hazard":"obstruction","b2":"A"}},{"type":"Feature","geometry":{"type":"Point","coordinates":[-67.6045,-54.926167]},"properties":{"id":"nga:P:3334/2023","source":"nga","kind":"hydro","navArea":"HYDROPAC","number":"3334/2023","title":"EASTERN SOUTH PACIFIC.","text":"EASTERN SOUTH PACIFIC.\nCHILE.\nDNC 07.\nPUERTO WILLIAMS CAPUERTO RADIO 54-55.57S 067-36.27W\nDSC SERVICE OFF AIR.\n","issueDate":"200919Z OCT 2023","status":"in_force","authority":"NAVAREA XV 260/23 200534Z OCT 23.","coordsCount":1,"shape":"point","subject":"NAV","hazard":null,"b2":"A"}},{"type":"Feature","geometry":{"type":"LineString","coordinates":[[116.7255,18.371],[116.8975,18.354167],[116.978,18.344333],[117.249333,18.419667],[117.434,18.520167],[117.4935,18.619167],[117.755667,18.789167],[118.500833,19.027333],[119.128167,19.372667],[119.265833,19.3905],[119.336167,19.376833],[119.393333,19.338667],[119.467333,19.318333],[119.560667,19.326333],[120.058167,19.458333]]},"properties":{"id":"nga:P:334/2024","source":"nga","kind":"hydro","navArea":"HYDROPAC","number":"334/2024","title":"SOUTH CHINA SEA.","text":"SOUTH CHINA SEA.\nPHILIPPINES.\nDNC 23.\nCABLE OPERATIONS 29 JAN UNTIL FURTHER NOTICE\nBY CABLESHIP FU HAI ALONG TRACKLINE JOINING\n18-22.26N 116-43.53E, 18-21.25N 116-53.85E,\n18-20.66N 116-58.68E, 18-25.18N 117-14.96E,\n18-31.21N 117-26.04E, 18-37.15N 117-29.61E,\n18-47.35N 117-45.34E, 19-01.64N 118-30.05E,\n19-22.36N 119-07.69E, 19-23.43N 119-15.95E,\n19-22.61N 119-20.17E, 19-20.32N 119-23.60E,\n19-19.10N 119-28.04E, 19-19.58N 119-33.64E,\n19-27.50N 120-03.49E.\nWIDE BERTH REQUESTED.\n","issueDate":"281231Z JAN 2024","status":"in_force","authority":"NAVAREA XI 35/24 281200Z JAN 24.","coordsCount":15,"shape":"trackline","subject":"NAV","hazard":"cable","b2":"A"}},{"type":"Feature","geometry":{"type":"Point","coordinates":[-149.494333,-17.495]},"properties":{"id":"nga:P:3353/2022","source":"nga","kind":"hydro","navArea":"HYDROPAC","number":"3353/2022","title":"SOUTH PACIFIC.","text":"SOUTH PACIFIC.\nTAHITI.\nDNC 06.\n1. POINTE VENUS LIGHT 17-29.70S 149-29.66W\n   UNRELIABLE.\n2. CANCEL HYDROPAC 3184/22.\n","issueDate":"240340Z NOV 2022","status":"in_force","authority":"AVURNAV PAPEETE 154/22 240250Z NOV 22.","coordsCount":1,"shape":"point","subject":"NAV","hazard":null,"b2":"A"}},{"type":"Feature","geometry":{"type":"LineString","coordinates":[[56.04,25.983333],[55.853333,25.870333]]},"properties":{"id":"nga:P:3371/2022","source":"nga","kind":"hydro","navArea":"HYDROPAC","number":"3371/2022","title":"PERSIAN GULF.","text":"PERSIAN GULF.\nU.A.E.\nDNC 10.\nODAS BUOYS, Q Y, ESTABLISHED IN:\nA. 25-59.00N 056-02.40E.\nB. 25-52.22N 055-51.20E.\n","issueDate":"251705Z NOV 2022","status":"in_force","authority":"NAVAREA IX 483/22 251524Z NOV 22.","coordsCount":2,"shape":"line","subject":"NAV","hazard":null,"b2":"A"}},{"type":"Feature","geometry":{"type":"LineString","coordinates":[[118.536333,-1.8255],[118.448333,-2.308],[118.670833,-3.275333],[117.456167,-4.974167],[116.440167,-4.642667],[113.183,-5.057833],[110.2285,-4.839167],[108.127833,-4.1945]]},"properties":{"id":"nga:P:3390/2023","source":"nga","kind":"hydro","navArea":"HYDROPAC","number":"3390/2023","title":"JAVA SEA.","text":"JAVA SEA.\nMAKASSAR STRAIT.\nINDONESIA.\nDNC 04.\nCABLE OPERATIONS 27 OCT UNTIL FURTHER NOTICE\nBY CABLESHIP ILE DE RE IN VICINITY OF\nTRACKLINE JOINING\n01-49.53S 118-32.18E, 02-18.48S 118-26.90E,\n03-16.52S 118-40.25E, 04-58.45S 117-27.37E,\n04-38.56S 116-26.41E, 05-03.47S 113-10.98E,\n04-50.35S 110-13.71E, 04-11.67S 108-07.67E.\nWIDE BERTH REQUESTED.\n","issueDate":"261256Z OCT 2023","status":"in_force","authority":"NAVAREA XI 366/23 261210Z OCT 23.","coordsCount":8,"shape":"trackline","subject":"NAV","hazard":"cable","b2":"A"}},{"type":"Feature","geometry":{"type":"Point","coordinates":[-177.328667,-19.268333]},"properties":{"id":"nga:P:3396/2023","source":"nga","kind":"hydro","navArea":"HYDROPAC","number":"3396/2023","title":"SOUTH PACIFIC.","text":"SOUTH PACIFIC.\nFIJI.\nDNC 06.\nFIVE METER SHOAL REPORTED IN 19-16.10S 177-19.72W.\n","issueDate":"270124Z OCT 2023","status":"in_force","authority":"NAVAREA XIV 182/23 262241Z OCT 23.","coordsCount":1,"shape":"point","subject":"NAV","hazard":null,"b2":"A"}},{"type":"Feature","geometry":{"type":"Point","coordinates":[83.308,17.693833]},"properties":{"id":"nga:P:3398/2023","source":"nga","kind":"hydro","navArea":"HYDROPAC","number":"3398/2023","title":"BAY OF BENGAL.","text":"BAY OF BENGAL.\nINDIA.\nDNC 03.\nDANGEROUS WRECK IN 17-41.63N 083-18.48E.\n","issueDate":"270533Z OCT 2023","status":"in_force","authority":"NAVAREA VIII 929/23 262204Z OCT 23.","coordsCount":1,"shape":"point","subject":"NAV","hazard":"obstruction","b2":"A"}},{"type":"Feature","geometry":{"type":"Point","coordinates":[-73.88,-41.785]},"properties":{"id":"nga:P:343/2024","source":"nga","kind":"hydro","navArea":"HYDROPAC","number":"343/2024","title":"EASTERN SOUTH PACIFIC.","text":"EASTERN SOUTH PACIFIC.\nCHILE.\nDNC 07.\nNAVTEX STATION PUERTO MONTT (J) 41-47.1S 073-52.8W\nOFF AIR.\n","issueDate":"290730Z JAN 2024","status":"in_force","authority":"NAVAREA XV 14/24 290509Z JAN 24.","coordsCount":1,"shape":"point","subject":"NAV","hazard":null,"b2":"A"}},{"type":"Feature","geometry":{"type":"Point","coordinates":[72.621,18.8355]},"properties":{"id":"nga:P:3497/2023","source":"nga","kind":"hydro","navArea":"HYDROPAC","number":"3497/2023","title":"ARABIAN SEA.","text":"ARABIAN SEA.\nINDIA.\nDNC 03.\nDANGEROUS WRECK IN 18-50.13N 072-37.26E.\n","issueDate":"061033Z NOV 2023","status":"in_force","authority":"NAVAREA VIII 957/23 061007Z NOV 23.","coordsCount":1,"shape":"point","subject":"NAV","hazard":"obstruction","b2":"A"}},{"type":"Feature","geometry":{"type":"LineString","coordinates":[[51.59,25.973667],[51.883833,26.177833]]},"properties":{"id":"nga:P:3499/2023","source":"nga","kind":"hydro","navArea":"HYDROPAC","number":"3499/2023","title":"PERSIAN GULF.","text":"PERSIAN GULF.\nQATAR.\nDNC 10.\n1. OBSTRUCTIONS REPORTED IN VICINITY:\n   A. 25-58.42N 051-35.40E.\n   B. 26-10.67N 051-53.03E.\n   500 METER BERTH REQUESTED.\n2. CANCEL HYDROPAC 3478/23.\n","issueDate":"061741Z NOV 2023","status":"in_force","authority":"NAVAREA IX 412/23 061710Z NOV 23.","coordsCount":2,"shape":"line","subject":"NAV","hazard":null,"b2":"A"}},{"type":"Feature","geometry":{"type":"Polygon","coordinates":[[[51.824833,26.6195],[51.955167,26.758833],[52.117833,26.626],[51.978,26.4765],[51.901833,26.486833],[51.824833,26.6195]]]},"properties":{"id":"nga:P:3536/2023","source":"nga","kind":"hydro","navArea":"HYDROPAC","number":"3536/2023","title":"PERSIAN GULF.","text":"PERSIAN GULF.\nQATAR.\nDNC 10.\nSURVEY OPERATIONS 10 NOV UNTIL FURTHER\nNOTICE BY M/V ALLIANZ, M/V SEDNA AND\nM/V BGP INNOVATOR IN AREA BOUND BY\n26-37.17N 051-49.49E, 26-45.53N 051-57.31E,\n26-37.56N 052-07.07E, 26-28.59N 051-58.68E,\n26-29.21N 051-54.11E.\n2000 METER BERTH REQUESTED.\n","issueDate":"091609Z NOV 2023","status":"in_force","authority":"NAVAREA IX 420/23 091547Z NOV 23.","coordsCount":5,"shape":"area","subject":"NAV","hazard":"survey","b2":"A"}},{"type":"Feature","geometry":{"type":"Point","coordinates":[141.326667,24.757333]},"properties":{"id":"nga:P:3542/2023","source":"nga","kind":"hydro","navArea":"HYDROPAC","number":"3542/2023","title":"PHILIPPINE SEA.","text":"PHILIPPINE SEA.\nJAPAN.\nDNC 12.\nVOLCANIC ACTIVITY REPORTED IN AREA WITHIN\n400 METERS OF 24-45.44N 141-19.60E AT 100428Z NOV.\n","issueDate":"101003Z NOV 2023","status":"in_force","authority":"NAVAREA XI 387/23 100901Z NOV 23.","coordsCount":1,"shape":"point","subject":"NAV","hazard":null,"b2":"A"}},{"type":"Feature","geometry":{"type":"Polygon","coordinates":[[[52.4175,25.688],[52.423333,25.684167],[52.416333,25.678],[52.413667,25.682],[52.4175,25.688]]]},"properties":{"id":"nga:P:3549/2023","source":"nga","kind":"hydro","navArea":"HYDROPAC","number":"3549/2023","title":"PERSIAN GULF.","text":"PERSIAN GULF.\nQATAR.\nDNC 10.\nSURVEY OPERATIONS 11 NOV UNTIL FURTHER\nNOTICE BY VESSEL SURFER 1946\nIN AREA BOUND BY\n25-41.28N 052-25.05E, 25-41.05N 052-25.40E,\n25-40.68N 052-24.98E, 25-40.92N 052-24.82E.\nWIDE BERTH REQUESTED.\n","issueDate":"101702Z NOV 2023","status":"in_force","authority":"NAVAREA IX 422/23 101644Z NOV 23.","coordsCount":4,"shape":"area","subject":"NAV","hazard":"survey","b2":"A"}},{"type":"Feature","geometry":{"type":"Point","coordinates":[55.6,-21.1]},"properties":{"id":"nga:P:363/2024","source":"nga","kind":"hydro","navArea":"HYDROPAC","number":"363/2024","title":"REUNION.","text":"REUNION.\nDNC 02.\nMRCC LA REUNION 21-06.00S 055-36.00E UNABLE\nTO RECEIVE MF AND HF TRANSMISSIONS.\nFOR ASSISTANCE CONTACT MRCC LA REUNION,\nPHONE: 2622 6243 4343, E-MAIL: REUNION@MRCCFR.EU.\n","issueDate":"301520Z JAN 2024","status":"in_force","authority":"MRCC REUNION 0/24 301504Z JAN 24.","coordsCount":1,"shape":"point","subject":"NAV","hazard":null,"b2":"A"}},{"type":"Feature","geometry":{"type":"LineString","coordinates":[[-70.408,-23.677667],[-71.613333,-33.078333]]},"properties":{"id":"nga:P:3647/2022","source":"nga","kind":"hydro","navArea":"HYDROPAC","number":"3647/2022","title":"EASTERN SOUTH PACIFIC.","text":"EASTERN SOUTH PACIFIC.\nCHILE.\nDNC 07.\n1. ANTOFAGASTA RADIO 23-40.66S 070-24.48W OFF AIR.\n2. VALPARAISO PLAYA ANCHA 33-04.70S 071-36.80W\n   ASSUMES CONTROL OF NAVTEX AND WILL TRANSMIT\n   VIA SAFETYNET.\n","issueDate":"211031Z DEC 2022","status":"in_force","authority":"ANTOFAGASTA RADIO 422/22 210406Z DEC 22.","coordsCount":2,"shape":"line","subject":"NAV","hazard":null,"b2":"A"}},{"type":"Feature","geometry":{"type":"Point","coordinates":[168,-15]},"properties":{"id":"nga:P:3679/2023","source":"nga","kind":"hydro","navArea":"HYDROPAC","number":"3679/2023","title":"CORAL SEA.","text":"CORAL SEA.\nVANUATU.\nDNC 06.\nEARTHQUAKE WITH PRELIMINARY MAGNITUDE OF 6.7\nOCCURRED IN 15-00.00S 168-00.00E AT 220448Z NOV.\nTSUNAMI WAVES ARE POSSIBLE WHICH COULD\nCAUSE DAMAGE TO THE SURROUNDING COASTS.\nTSUNAMI MAY BE A SERIES OF WAVES WHICH COULD\nBE DANGEROUS FOR SEVERAL HOURS AFTER THE\nINITIAL WAVE ARRIVAL.\n","issueDate":"220603Z NOV 2023","status":"in_force","authority":"PTWC 0/23 220547Z NOV 23.","coordsCount":1,"shape":"point","subject":"NAV","hazard":null,"b2":"A"}},{"type":"Feature","geometry":{"type":"Point","coordinates":[79.774667,7.075833]},"properties":{"id":"nga:P:377/2022","source":"nga","kind":"hydro","navArea":"HYDROPAC","number":"377/2022","title":"NORTHERN INDIAN OCEAN.","text":"NORTHERN INDIAN OCEAN.\nSRI LANKA.\nDNC 03.\n1. SALVAGE OPERATIONS IN PROGRESS UNTIL\n   FURTHER NOTICE IN 07-04.55N 079-46.48E.\n   WIDE BERTH REQUESTED.\n   REPORTS TO MRCC COLOMBO,\n   PHONE: 941 1244 5368,\n   FAX: 941 1244 1454, 941 1244 9718,\n   E-MAIL: NHQDNO@YAHOO.COM,\n   MRCCCOLOMBO@GMAIL.COM.\n2. CANCEL HYDROPAC 1654/21.\n","issueDate":"120524Z FEB 2022","status":"in_force","authority":"MRCC COLOMBO 120357Z FEB 22.","coordsCount":1,"shape":"point","subject":"NAV","hazard":null,"b2":"A"}},{"type":"Feature","geometry":{"type":"Point","coordinates":[-101.2,-2.6]},"properties":{"id":"nga:P:3812/2023","source":"nga","kind":"hydro","navArea":"HYDROPAC","number":"3812/2023","title":"EASTERN SOUTH PACIFIC.","text":"EASTERN SOUTH PACIFIC.\nDNC 06.\nDISTRESS SIGNAL RECEIVED ON 406 MHZ FROM\nVESSEL IN 02-36.00S 101-12.00W.\nVESSELS IN VICINITY REQUESTED TO KEEP A SHARP\nLOOKOUT, ASSIST IF POSSIBLE.\nREPORTS TO RCC ALAMEDA,\nPHONE: 510 437 3701,\nEMAIL: RCCALAMEDA1@USCG.MIL.\n","issueDate":"032151Z DEC 2023","status":"in_force","authority":"RCC ALAMEDA 0/23 032148Z DEC 23.","coordsCount":1,"shape":"point","subject":"SAR","hazard":"sar","b2":"D"}},{"type":"Feature","geometry":{"type":"Point","coordinates":[-84.723667,7.976333]},"properties":{"id":"nga:P:3815/2023","source":"nga","kind":"hydro","navArea":"HYDROPAC","number":"3815/2023","title":"EASTERN NORTH PACIFIC.","text":"EASTERN NORTH PACIFIC.\nCOSTA RICA.\nDNC 14.\nDISTRESS SIGNAL RECEIVED FROM VESSEL\nIN 07-58.58N 084-43.42W.\nVESSELS IN VICINITY REQUESTED TO KEEP\nA SHARP LOOKOUT, ASSIST IF POSSIBLE.\nREPORTS TO RCC ALAMEDA,\nPHONE: 510 437 3701,\nEMAIL: RCCALAMEDA1@USCG.MIL.\n","issueDate":"040954Z DEC 2023","status":"in_force","authority":"RCC ALAMEDA 0/23 040944Z DEC 23.","coordsCount":1,"shape":"point","subject":"SAR","hazard":"sar","b2":"D"}},{"type":"Feature","geometry":{"type":"Point","coordinates":[121.065,14.505]},"properties":{"id":"nga:P:3822/2023","source":"nga","kind":"hydro","navArea":"HYDROPAC","number":"3822/2023","title":"SOUTH CHINA SEA.","text":"SOUTH CHINA SEA.\nPHILIPPINES.\nDNC 11.\nNAVTEX STATION MANIRA (J) 14-30.30N 121-03.90E\nOFF AIR.\n","issueDate":"041146Z DEC 2023","status":"in_force","authority":"NAVAREA XI 435/23 041139Z DEC 23.","coordsCount":1,"shape":"point","subject":"NAV","hazard":null,"b2":"A"}},{"type":"Feature","geometry":{"type":"Point","coordinates":[-124.993333,33.603333]},"properties":{"id":"nga:P:3848/2023","source":"nga","kind":"hydro","navArea":"HYDROPAC","number":"3848/2023","title":"EASTERN NORTH PACIFIC.","text":"EASTERN NORTH PACIFIC.\nDNC 13.\nDISTRESS SIGNAL RECEIVED ON 406 MHZ\nIN 33-36.20N 124-59.60W. VESSELS IN VICINITY\nREQUESTED TO KEEP A SHARP LOOKOUT,\nASSIST IF POSSIBLE. REPORTS TO RCC ALAMEDA,\nPHONE: 510 437 3701,\nEMAIL: RCCALAMEDA1@USCG.MIL.\n","issueDate":"072008Z DEC 2023","status":"in_force","authority":"RCC ALAMEDA 0/23 071953Z DEC 23.","coordsCount":1,"shape":"point","subject":"SAR","hazard":"sar","b2":"D"}},{"type":"Feature","geometry":{"type":"Point","coordinates":[103.649333,1.060167]},"properties":{"id":"nga:P:3880/2023","source":"nga","kind":"hydro","navArea":"HYDROPAC","number":"3880/2023","title":"SOUTH CHINA SEA.","text":"SOUTH CHINA SEA.\nINDONESIA.\nDNC 03.\n1. RACON AT SOUTH CARDINAL BUOY\n   01-03.61N 103-38.96E TEMPORARILY REMOVED.\n2. CANCEL HYDROPAC 3283/23.\n","issueDate":"110655Z DEC 2023","status":"in_force","authority":"NAVAREA XI 444/23 110358Z DEC 23.","coordsCount":1,"shape":"point","subject":"NAV","hazard":null,"b2":"A"}},{"type":"Feature","geometry":{"type":"Point","coordinates":[103.649333,1.060167]},"properties":{"id":"nga:P:3886/2023","source":"nga","kind":"hydro","navArea":"HYDROPAC","number":"3886/2023","title":"SOUTH CHINA SEA.","text":"SOUTH CHINA SEA.\nINDONESIA.\nDNC 03.\n1. RACON AT SOUTH CARDINAL BUOY\n   01-03.61N 103-38.96E OFF AIR.\n2. CANCEL HYDROPAC 3380/23.\n","issueDate":"111314Z DEC 2023","status":"in_force","authority":"NAVAREA XI 445/23 111248Z DEC 23.","coordsCount":1,"shape":"point","subject":"NAV","hazard":null,"b2":"A"}},{"type":"Feature","geometry":{"type":"Point","coordinates":[72.708333,18.828833]},"properties":{"id":"nga:P:3916/2023","source":"nga","kind":"hydro","navArea":"HYDROPAC","number":"3916/2023","title":"ARABIAN SEA.","text":"ARABIAN SEA.\nINDIA.\nDNC 03.\nDANGEROUS WRECK IN 18-49.73N 072-42.50E.\n","issueDate":"141132Z DEC 2023","status":"in_force","authority":"NAVAREA VIII 1057/23 141019Z DEC 23.","coordsCount":1,"shape":"point","subject":"NAV","hazard":"obstruction","b2":"A"}},{"type":"Feature","geometry":{"type":"Point","coordinates":[122.02,12.798333]},"properties":{"id":"nga:P:3977/2023","source":"nga","kind":"hydro","navArea":"HYDROPAC","number":"3977/2023","title":"SIBUYAN SEA.","text":"SIBUYAN SEA.\nPHILIPPINES.\nDNC 11.\nSIMARA ISLAND LIGHT 12-47.90N 122-01.20E UNLIT.\n","issueDate":"210821Z DEC 2023","status":"in_force","authority":"NAVAREA XI 459/23 210700Z DEC 23.","coordsCount":1,"shape":"point","subject":"NAV","hazard":"obstruction","b2":"A"}},{"type":"Feature","geometry":{"type":"Point","coordinates":[55.143667,25.348333]},"properties":{"id":"nga:P:406/2022","source":"nga","kind":"hydro","navArea":"HYDROPAC","number":"406/2022","title":"PERSIAN GULF.","text":"PERSIAN GULF.\nU.A.E.\nDNC 10.\nSUBMERGED OBSTRUCTION IN 25-20.90N 055-08.62E.\n","issueDate":"161201Z FEB 2022","status":"in_force","authority":"NAVAREA IX 67/22 161117Z FEB 22.","coordsCount":1,"shape":"point","subject":"NAV","hazard":"obstruction","b2":"A"}},{"type":"Feature","geometry":{"type":"Point","coordinates":[-149.494333,-17.495]},"properties":{"id":"nga:P:462/2024","source":"nga","kind":"hydro","navArea":"HYDROPAC","number":"462/2024","title":"SOUTH PACIFIC.","text":"SOUTH PACIFIC.\nTAHITI.\nDNC 06.\nPOINTE VENUS LIGHT 17-29.70S 149-29.66W UNLIT.\n","issueDate":"080429Z FEB 2024","status":"in_force","authority":"AVURNAV PAPEETE 10/24 080252Z FEB 24.","coordsCount":1,"shape":"point","subject":"NAV","hazard":"obstruction","b2":"A"}},{"type":"Feature","geometry":{"type":"Point","coordinates":[-75.183333,-29.35]},"properties":{"id":"nga:P:471/2024","source":"nga","kind":"hydro","navArea":"HYDROPAC","number":"471/2024","title":"EASTERN SOUTH PACIFIC.","text":"EASTERN SOUTH PACIFIC.\nDNC 07.\n1. OCEANOGRAPHIC EQUIPMENT ESTABLISHED\n   IN 29-21.00S 075-11.00W.\n2. CANCEL HYDROPAC 340/24.\n","issueDate":"090528Z FEB 2024","status":"in_force","authority":"NAVAREA XV 21/24 090358Z FEB 24.","coordsCount":1,"shape":"point","subject":"NAV","hazard":null,"b2":"A"}},{"type":"Feature","geometry":{"type":"Point","coordinates":[-80.716667,-33.833333]},"properties":{"id":"nga:P:472/2024","source":"nga","kind":"hydro","navArea":"HYDROPAC","number":"472/2024","title":"EASTERN SOUTH PACIFIC.","text":"EASTERN SOUTH PACIFIC.\nISLAS JUAN FERNANDEZ.\nDNC 07.\n1. OCEANOGRAPHIC EQUIPMENT ESTABLISHED\n   IN 33-50.00S 080-43.00W.\n2. CANCEL HYDROPAC 341/24.\n","issueDate":"090608Z FEB 2024","status":"in_force","authority":"NAVAREA XV 22/24 090358Z FEB 24.","coordsCount":1,"shape":"point","subject":"NAV","hazard":null,"b2":"A"}},{"type":"Feature","geometry":{"type":"Point","coordinates":[-73.183333,-28.45]},"properties":{"id":"nga:P:473/2024","source":"nga","kind":"hydro","navArea":"HYDROPAC","number":"473/2024","title":"EASTERN SOUTH PACIFIC.","text":"EASTERN SOUTH PACIFIC.\nDNC 07.\n1. OCEANOGRAPHIC EQUIPMENT ESTABLISHED\n   IN 28-27.00S 073-11.00W.\n2. CANCEL HYDROPAC 339/24.\n","issueDate":"090627Z FEB 2024","status":"in_force","authority":"NAVAREA XV 20/24 090358Z FEB 24.","coordsCount":1,"shape":"point","subject":"NAV","hazard":null,"b2":"A"}},{"type":"Feature","geometry":{"type":"Point","coordinates":[-74.916667,-34.5]},"properties":{"id":"nga:P:474/2024","source":"nga","kind":"hydro","navArea":"HYDROPAC","number":"474/2024","title":"EASTERN SOUTH PACIFIC.","text":"EASTERN SOUTH PACIFIC.\nDNC 07.\n1. OCEANOGRAPHIC EQUIPMENT ESTABLISHED\n   IN 34-30.00S 074-55.00W.\n2. CANCEL HYDROPAC 342/24.\n","issueDate":"090633Z FEB 2024","status":"in_force","authority":"NAVAREA XV 23/24 090400Z FEB 24.","coordsCount":1,"shape":"point","subject":"NAV","hazard":null,"b2":"A"}},{"type":"Feature","geometry":{"type":"LineString","coordinates":[[72.79,11.253333],[72.206667,10.875]]},"properties":{"id":"nga:P:522/2024","source":"nga","kind":"hydro","navArea":"HYDROPAC","number":"522/2024","title":"ARABIAN SEA.","text":"ARABIAN SEA.\nLAKSHADWEEP.\nDNC 03.\n1. RACONS INOPERATIVE AT:\n   A. KADMAT ISLAND LIGHT RACON (G) 11-15.20N 072-47.40E.\n   B. AGATTI ISLAND LIGHT RACON (B) 10-52.50N 072-12.40E.\n2. CANCEL HYDROPAC 1642/22.\n","issueDate":"141047Z FEB 2024","status":"in_force","authority":"NAVAREA VIII 180/24 141021Z FEB 24.","coordsCount":2,"shape":"line","subject":"NAV","hazard":null,"b2":"A"}},{"type":"Feature","geometry":{"type":"Point","coordinates":[54.463333,25.648333]},"properties":{"id":"nga:P:538/2023","source":"nga","kind":"hydro","navArea":"HYDROPAC","number":"538/2023","title":"PERSIAN GULF.","text":"PERSIAN GULF.\nIRAN.\nDNC 10.\n1. GAS LEAK, MARKED BY BUOY, FL W,\n   IN VICINITY 25-38.90N 054-27.80E.\n2. CANCEL HYDROPAC 526/23.\n","issueDate":"161349Z FEB 2023","status":"in_force","authority":"NAVAREA IX 71/23 161342Z FEB 23.","coordsCount":1,"shape":"point","subject":"NAV","hazard":null,"b2":"A"}},{"type":"Feature","geometry":{"type":"Point","coordinates":[76.5305,8.957167]},"properties":{"id":"nga:P:553/2023","source":"nga","kind":"hydro","navArea":"HYDROPAC","number":"553/2023","title":"ARABIAN SEA.","text":"ARABIAN SEA.\nINDIA.\nDNC 03.\nM/V SAVITHRI SANK IN VICINITY\n08-57.43N 076-31.83E.\n","issueDate":"171231Z FEB 2023","status":"in_force","authority":"NAVAREA VIII 161/23 171014Z FEB 23.","coordsCount":1,"shape":"point","subject":"NAV","hazard":null,"b2":"A"}},{"type":"Feature","geometry":{"type":"Polygon","coordinates":[[[151.3,-33.916667],[151.383333,-33.908333],[151.333333,-34],[151.283333,-34],[151.3,-33.916667]]]},"properties":{"id":"nga:P:553/2024","source":"nga","kind":"hydro","navArea":"HYDROPAC","number":"553/2024","title":"TASMAN SEA.","text":"TASMAN SEA.\nAUSTRALIA.\nDNC 05.\nSURVEY OPERATIONS IN PROGRESS UNTIL FURTHER\nNOTICE BY M/V BLUEBOTTLE IN AREA BOUND BY\n33-55.00S 151-18.00E, 33-54.50S 151-23.00E,\n34-00.00S 151-20.00E, 34-00.00S 151-17.00E.\nWIDE BERTH REQUESTED.\n","issueDate":"161402Z FEB 2024","status":"in_force","authority":"AUSCOAST 58/24 161249Z FEB 24.","coordsCount":4,"shape":"area","subject":"NAV","hazard":"survey","b2":"A"}},{"type":"Feature","geometry":{"type":"Point","coordinates":[54.168667,25.194]},"properties":{"id":"nga:P:582/2024","source":"nga","kind":"hydro","navArea":"HYDROPAC","number":"582/2024","title":"PERSIAN GULF.","text":"PERSIAN GULF.\nU.A.E.\nDNC 10.\nPARTIALLY SUBMERGED WRECK\nIN VICINITY 25-11.64N 054-10.12E.\n","issueDate":"191516Z FEB 2024","status":"in_force","authority":"NAVAREA IX 76/24 191448Z FEB 24.","coordsCount":1,"shape":"point","subject":"NAV","hazard":"obstruction","b2":"A"}},{"type":"Feature","geometry":{"type":"Point","coordinates":[115.018667,-33.537333]},"properties":{"id":"nga:P:601/2024","source":"nga","kind":"hydro","navArea":"HYDROPAC","number":"601/2024","title":"AUSTRALIA.","text":"AUSTRALIA.\nDNC 04.\n1. CAPE NATURALISTE LIGHT TEMPORARILY CHANGED\n   TO FL W 10 SEC 21 MILES IN 33-32.24S 115-01.12E.\n2. CANCEL HYDROPAC 207/24.\n","issueDate":"210701Z FEB 2024","status":"in_force","authority":"AUSCOAST 68/24 210621Z FEB 24.","coordsCount":1,"shape":"point","subject":"NAV","hazard":null,"b2":"A"}},{"type":"Feature","geometry":{"type":"Point","coordinates":[67.218333,24.56]},"properties":{"id":"nga:P:618/2022","source":"nga","kind":"hydro","navArea":"HYDROPAC","number":"618/2022","title":"ARABIAN SEA.","text":"ARABIAN SEA.\nPAKISTAN.\nDNC 03.\nKHUDDI ISLAND LIGHT 24-33.6N 067-13.1E UNLIT.\n","issueDate":"071555Z MAR 2022","status":"in_force","authority":"NAVAREA IX 95/22 071509Z MAR 22.","coordsCount":1,"shape":"point","subject":"NAV","hazard":"obstruction","b2":"A"}},{"type":"Feature","geometry":{"type":"Polygon","coordinates":[[[57.733333,-20.418333],[57.758333,-20.4],[57.743333,-20.443333],[57.733333,-20.418333]]]},"properties":{"id":"nga:P:630/2023","source":"nga","kind":"hydro","navArea":"HYDROPAC","number":"630/2023","title":"WESTERN INDIAN OCEAN.","text":"WESTERN INDIAN OCEAN.\nMAURITIUS.\nDNC 02.\n1. UNDERWATER OPERATIONS IN PROGRESS UNTIL\n   FURTHER NOTICE:\n   A. IN AREA BOUND BY\n      20-26.10S 057-43.1E0, 20-25.10S 057-44.00E,\n      20-24.00S 057-45.50E.\n   B. IN VICINITY 20-26.60S 057-44.60E.\n   TWO MILE BERTH REQUESTED.\n2. CANCEL HYDROPAC 536/23.\n","issueDate":"241202Z FEB 2023","status":"in_force","authority":"NAVAREA VIII 178/23 241013Z FEB 23.","coordsCount":3,"shape":"area","subject":"NAV","hazard":null,"b2":"A"}},{"type":"Feature","geometry":{"type":"Polygon","coordinates":[[[114.5945,-21.7375],[114.8525,-21.7375],[114.8525,-21.144333],[114.5945,-21.144333],[114.5945,-21.7375]]]},"properties":{"id":"nga:P:675/2024","source":"nga","kind":"hydro","navArea":"HYDROPAC","number":"675/2024","title":"EASTERN INDIAN OCEAN.","text":"EASTERN INDIAN OCEAN.\nAUSTRALIA.\nDNC 04.\nUNDERWATER OPERATIONS IN PROGRESS UNTIL FURTHER\nNOTICE BY M/V DEEP ORIENT IN AREA BOUND BY\n21-44.25S 114-35.67E, 21-44.25S 114-51.15E,\n21-08.66S 114-51.15E, 21-08.66S 114-35.67E.\nTHREE MILE BERTH REQUESTED.\n","issueDate":"270944Z FEB 2024","status":"in_force","authority":"AUSCOAST 75/24 270906Z FEB 24.","coordsCount":4,"shape":"area","subject":"NAV","hazard":null,"b2":"A"}},{"type":"Feature","geometry":{"type":"Point","coordinates":[40.0755,-16.8625]},"properties":{"id":"nga:P:677/2023","source":"nga","kind":"hydro","navArea":"HYDROPAC","number":"677/2023","title":"MOZAMBIQUE CHANNEL.","text":"MOZAMBIQUE CHANNEL.\nMOZAMBIQUE.\nDNC 02.\nPLATFORM ESTABLISHED IN 16-51.75S 040-04.53E.\n","issueDate":"282001Z FEB 2023","status":"in_force","authority":"NAVAREA VII 62/23 281944Z FEB 23.","coordsCount":1,"shape":"point","subject":"NAV","hazard":"rig","b2":"A"}},{"type":"Feature","geometry":{"type":"Polygon","coordinates":[[[124.983333,-10.9],[124.983333,-12.35],[126.1,-12.35],[126.1,-10.9],[124.983333,-10.9]]]},"properties":{"id":"nga:P:710/2024","source":"nga","kind":"hydro","navArea":"HYDROPAC","number":"710/2024","title":"TIMOR SEA.","text":"TIMOR SEA.\nINDONESIA.\nDNC 04.\n1. SURVEY OPERATIONS IN PROGRESS BY M/V GEO CORAL\n   TOWING 12 FIVE MILE LONG CABLES IN AREA BOUND BY\n   10-54.00S 124-59.00E, 12-21.00S 124-59.00E,\n   12-21.00S 126-06.00E, 10-54.00S 126-06.00E.\n   SEVEN MILE BERTH REQUESTED.\n2. CANCEL HYDROPAC 709/24.\n","issueDate":"020825Z MAR 2024","status":"in_force","authority":"NAVAREA XI 101/24 020815Z MAR 24.","coordsCount":4,"shape":"area","subject":"NAV","hazard":"survey","b2":"A"}},{"type":"Feature","geometry":{"type":"Polygon","coordinates":[[[114.898333,-20.483333],[115.355,-20.483333],[115.355,-20.67],[114.898333,-20.67],[114.898333,-20.483333]]]},"properties":{"id":"nga:P:711/2024","source":"nga","kind":"hydro","navArea":"HYDROPAC","number":"711/2024","title":"EASTERN INDIAN OCEAN.","text":"EASTERN INDIAN OCEAN.\nAUSTRALIA.\nDNC 04.\nUNDERWATER OPERATIONS IN PROGRESS BY\nM/V SKANDI HERCULES IN AREA BOUND BY\n20-29.00S 114-53.90E, 20-29.00S 115-21.30E,\n20-40.20S 115-21.30E, 20-40.20S 114-53.90E.\nTHREE MILE BERTH REQUESTED.\n","issueDate":"020900Z MAR 2024","status":"in_force","authority":"AUSCOAST 79/24 020841Z MAR 24.","coordsCount":4,"shape":"area","subject":"NAV","hazard":null,"b2":"A"}},{"type":"Feature","geometry":{"type":"Polygon","coordinates":[[[47.098833,-25.387333],[46.9835,-25.387333],[46.9835,-25.958167],[47.098833,-25.958167],[47.098833,-25.387333]]]},"properties":{"id":"nga:P:864/2024","source":"nga","kind":"hydro","navArea":"HYDROPAC","number":"864/2024","title":"WESTERN INDIAN OCEAN.","text":"WESTERN INDIAN OCEAN.\nMADAGASCAR.\nDNC 02.\nNAVIGATION PROHIBITED UNTIL FURTHER NOTICE\nDUE TO UNDERWATER CABLES ESTABLISHED\nIN AREA BOUND BY\n25-23.24S 047-05.93E, 25-23.24S 046-59.01E,\n25-57.49S 046-59.01E, 25-57.49S 047-05.93E.\n","issueDate":"150309Z MAR 2024","status":"in_force","authority":"NAVAREA VII 98/24 141946Z MAR 24.","coordsCount":4,"shape":"area","subject":"NAV","hazard":null,"b2":"A"}},{"type":"Feature","geometry":{"type":"LineString","coordinates":[[118.906333,11.642833],[118.967833,11.629167],[119.004667,11.602167],[119.1605,11.4875],[119.7165,11.669667],[119.943833,11.6285],[120.104167,11.554],[120.433333,11.7235],[120.622333,11.786333],[121.279667,12.1445],[121.541,12.316667],[121.701,12.732],[121.629167,13.010167],[121.612833,13.1385],[121.344167,13.369333],[121.223167,13.464833],[121.117667,13.4485],[121.001833,13.575167],[121.008,13.625167],[121.050833,13.711167]]},"properties":{"id":"nga:P:894/2024","source":"nga","kind":"hydro","navArea":"HYDROPAC","number":"894/2024","title":"SIBUYAN SEA.","text":"SIBUYAN SEA.\nSOUTH CHINA SEA.\nSULU SEA.\nPHILIPPINES.\nDNC 11.\n1. PIPELINE OPERATIONS IN PROGRESS UNTIL FURTHER\n   NOTICE IN VICINITY OF TRACKLINE JOINING\n   11-38.57N 118-54.38E 11-37.75N 118-58.07E\n   11-36.13N 119-00.28E 11-29.25N 119-09.63E\n   11-40.18N 119-42.99E 11-37.71N 119-56.63E\n   11-33.24N 120-06.25E 11-43.41N 120-26.00E\n   11-47.18N 120-37.34E 12-08.67N 121-16.78E\n   12-19.00N 121-32.46E 12-43.92N 121-42.06E\n   13-00.61N 121-37.75E 13-08.31N 121-36.77E\n   13-22.16N 121-20.65E 13-27.89N 121-13.39E\n   13-26.91N 121-07.06E 13-34.51N 121-00.11E\n   13-37.51N 121-00.48E 13-42.67N 121-03.05E.\n   WIDE BERTH REQUESTED.\n2. CANCEL HYDROPAC 425/24.\n","issueDate":"180010Z MAR 2024","status":"in_force","authority":"NAVAREA XI 136/24 180000Z MAR 24.","coordsCount":20,"shape":"trackline","subject":"NAV","hazard":"cable","b2":"A"}},{"type":"Feature","geometry":{"type":"LineString","coordinates":[[114.878,-20.472],[115.421,-20.692]]},"properties":{"id":"nga:P:942/2024","source":"nga","kind":"hydro","navArea":"HYDROPAC","number":"942/2024","title":"EASTERN INDIAN OCEAN.","text":"EASTERN INDIAN OCEAN.\nAUSTRALIA.\nDNC 04.\nCABLE OPERATIONS IN PROGRESS UNTIL\nFURTHER NOTICE BY M/V NEXANS SKAGERRAK\nALONG TRACKLINE JOINING\n20-28.32S 114-52.68E, 20-41.52S 115-25.26E.\nONE MILE BERTH REQUESTED.\n","issueDate":"220652Z MAR 2024","status":"in_force","authority":"AUSCOAST 100/24 220619Z MAR 24.","coordsCount":2,"shape":"trackline","subject":"NAV","hazard":"cable","b2":"A"}},{"type":"Feature","geometry":{"type":"Polygon","coordinates":[[[50.660167,26.200167],[50.659667,26.201167],[50.653833,26.1865],[50.6545,26.186333],[50.660167,26.200167]]]},"properties":{"id":"nga:P:961/2023","source":"nga","kind":"hydro","navArea":"HYDROPAC","number":"961/2023","title":"PERSIAN GULF.","text":"PERSIAN GULF.\nBAHRAIN.\nDNC 10.\nPIPELINE OPERATIONS IN PROGRESS UNTIL\nFURTHER NOTICE IN AREA BOUND BY\n26-12.01N 050-39.61E, 26-12.07N 050-39.58E,\n26-11.19N 050-39.23E, 26-11.18N 050-39.27E.\nWIDE BERTH REQUESTED.\n","issueDate":"220442Z MAR 2023","status":"in_force","authority":"NAVAREA IX 131/23 220311Z MAR 23.","coordsCount":4,"shape":"area","subject":"NAV","hazard":"cable","b2":"A"}},{"type":"Feature","geometry":{"type":"Point","coordinates":[68.066667,23.466667]},"properties":{"id":"nga:P:963/2024","source":"nga","kind":"hydro","navArea":"HYDROPAC","number":"963/2024","title":"ARABIAN SEA.","text":"ARABIAN SEA.\nINDIA.\nDNC 03.\nSUNK F/V IFB AL HUSENI, DANGEROUS WRECK\nIN 23-28.00N 068-04.00E.\n","issueDate":"232217Z MAR 2024","status":"in_force","authority":"NAVAREA VIII 317/24 232204Z MAR 24.","coordsCount":1,"shape":"point","subject":"NAV","hazard":"obstruction","b2":"A"}},{"type":"Feature","geometry":{"type":"Point","coordinates":[103.720833,1.098333]},"properties":{"id":"nga:P:964/2024","source":"nga","kind":"hydro","navArea":"HYDROPAC","number":"964/2024","title":"SINGAPORE STRAIGHT.","text":"SINGAPORE STRAIGHT.\nMALAYSIA.\nDNC 03.\nRADIO BEACON AT TAKONG LIGHT 01-05.90N 103-43.25E\nOFF AIR AND UNLIT UNTIL FURTHER NOTICE.\n","issueDate":"240122Z MAR 2024","status":"in_force","authority":"NAVAREA XI 152/24 240102Z MAR 24.","coordsCount":1,"shape":"point","subject":"NAV","hazard":"obstruction","b2":"A"}},{"type":"Feature","geometry":{"type":"MultiPoint","coordinates":[[20.356,72.540667],[5.305,67.026667],[7.261167,65.312],[6.704333,65.1335]]},"properties":{"id":"norway:XIX:87/26","source":"norway","kind":"navarea","navArea":"XIX","number":"87/26","title":"NAVAREA XIX 87/26","text":"NAVAREA XIX 87/26\n1. RIGLIST. CORRECT 030630 UTC JUL 26\nNORWEGIAN SEA: NORTH OF 65N, EAST OF 5W.\n72-32.44N 020-21.36E - TRANSOCEAN ENABLER\n67-01.60N 005-18.30E - TRANSOCEAN NORGE\n65-18.72N 007-15.67E - ISLAND INNOVATOR\n65-08.01N 006-42.26E - TRANSOCEAN ENCOURAGE\nNOTES:\nA. RIGS ARE PROTECTED BY A 500 METRE SAFETY ZONE.\nB. FOR RIGS LOCATED SOUTH OF 65N, REFER TO NAVAREA I WARNINGS OR VISIT WWW.UKHO.GOV.UK/RNW\n2. CANCEL NAVAREA XIX　85/26","issueDate":"030630 UTC jul 26","status":"in_force","authority":"NAVAREA XIX / Kystverket","coordsCount":4,"shape":"points","subject":"NAV","hazard":"rig","b2":"A"}},{"type":"Feature","geometry":{"type":"Polygon","coordinates":[[[-1.881667,57.005],[-1.873333,56.996667],[-1.855,57.018333],[-1.848333,57.01],[-1.881667,57.005]]]},"properties":{"id":"ukho:coastal:409/26","source":"ukho","kind":"coastal","navArea":"UK-WZ","number":"409/26","title":"WZ 409/26","text":"CROMARTY.\r\nKINCARDINE OFFSHORE WIND FARM.\r\nTURBINE FOG SIGNALS INOPERATIVE:\r\nA. KIN-01, 57-00.3N 001-52.9W.\r\nB. KIN-02, 56-59.8N 001-52.4W.\r\nC. KIN-04, 57-01.1N 001-51.3W.\r\nD. KIN-05, 57-00.6N 001-50.9W.","issueDate":"280307 UTC Jun 26","status":"in_force","authority":"UKHO","coordsCount":4,"shape":"area","subject":"NAV","hazard":null,"b2":"A"}},{"type":"Feature","geometry":{"type":"LineString","coordinates":[[1.873333,53.835],[1.765,53.835]]},"properties":{"id":"ukho:coastal:411/26","source":"ukho","kind":"coastal","navArea":"UK-WZ","number":"411/26","title":"WZ 411/26","text":"HUMBER.\nHORNSEA 1 OFFSHORE WIND FARM.\n1. TURBINE FOG SIGNALS INOPERATIVE:\nA. A21 53-50.1N 001-52.4E.\nB. A26 53-50.1N 001-45.9E.\n2. CANCEL WZ 395/26.","issueDate":"280435 UTC Jun 26","status":"in_force","authority":"UKHO","coordsCount":2,"shape":"line","subject":"NAV","hazard":null,"b2":"A"}},{"type":"Feature","geometry":{"type":"Point","coordinates":[0.5,53.246667]},"properties":{"id":"ukho:coastal:412/26","source":"ukho","kind":"coastal","navArea":"UK-WZ","number":"412/26","title":"WZ 412/26","text":"HUMBER.\nLINCS WIND FARM.\nTURBINE LS52, 53-14.8N 000-30.0E, UNLIT.","issueDate":"291109 UTC Jun 26","status":"in_force","authority":"UKHO","coordsCount":1,"shape":"point","subject":"NAV","hazard":"obstruction","b2":"A"}},{"type":"Feature","geometry":{"type":"Point","coordinates":[-1.351667,57.49]},"properties":{"id":"ukho:coastal:421/26","source":"ukho","kind":"coastal","navArea":"UK-WZ","number":"421/26","title":"WZ 421/26","text":"CROMARTY.\nHYWIND FLOATING WIND FARM.\n1. TURBINE HS2, 57-29.4N 001-21.1W, FOG SIGNAL INOPERATIVE.\n2. CANCEL WZ 328/26.","issueDate":"041340 UTC Jul 26","status":"in_force","authority":"UKHO","coordsCount":1,"shape":"point","subject":"NAV","hazard":null,"b2":"A"}},{"type":"Feature","geometry":{"type":"Point","coordinates":[2.558333,52.33]},"properties":{"id":"ukho:coastal:436/26","source":"ukho","kind":"coastal","navArea":"UK-WZ","number":"436/26","title":"WZ 436/26","text":"THAMES.\nEAST ANGLIA ONE WIND FARM.\n1. TURBINE G27, 52-19.8N 002-33.5E, FOG SIGNAL INOPERATIVE.\n2. CANCEL WZ 343/26.","issueDate":"120750 UTC Jul 26","status":"in_force","authority":"UKHO","coordsCount":1,"shape":"point","subject":"NAV","hazard":null,"b2":"A"}},{"type":"Feature","geometry":{"type":"Point","coordinates":[-5.636667,50.385]},"properties":{"id":"ukho:coastal:453/26","source":"ukho","kind":"coastal","navArea":"UK-WZ","number":"453/26","title":"WZ 453/26","text":"LUNDY.\nSAINT IVES NORTHWESTWARDS.\nWAVE HUB NW BUOY 50-23.1N 005-38.2W AIS INOPERATIVE.","issueDate":"211535 UTC Jul 26","status":"in_force","authority":"UKHO","coordsCount":1,"shape":"point","subject":"NAV","hazard":null,"b2":"A"}},{"type":"Feature","geometry":{"type":"Point","coordinates":[1.138333,58.048333]},"properties":{"id":"ukho:coastal:455/26","source":"ukho","kind":"coastal","navArea":"UK-WZ","number":"455/26","title":"WZ 455/26","text":"FORTIES.\nBRITANNIA GAS FIELD.\nPLATFORM 16/26, 58-02.9N 001-08.3E, AIS INOPERATIVE.","issueDate":"221806 UTC Jul 26","status":"in_force","authority":"UKHO","coordsCount":1,"shape":"point","subject":"NAV","hazard":"rig","b2":"A"}},{"type":"Feature","geometry":{"type":"Point","coordinates":[-3.806667,54.081667]},"properties":{"id":"ukho:coastal:456/26","source":"ukho","kind":"coastal","navArea":"UK-WZ","number":"456/26","title":"WZ 456/26","text":"IRISH SEA.\nWALNEY EXTENSION WIND FARM.\n1. SOUTH CARDINAL BUOY 54-04.9N 003-48.4W MISSING.  \n2. CANCEL WZ 448/26.","issueDate":"230825 UTC Jul 26","status":"in_force","authority":"UKHO","coordsCount":1,"shape":"point","subject":"NAV","hazard":null,"b2":"A"}},{"type":"Feature","geometry":{"type":"LineString","coordinates":[[2.158333,55.135],[2.345,54.858333]]},"properties":{"id":"ukho:coastal:459/26","source":"ukho","kind":"coastal","navArea":"UK-WZ","number":"459/26","title":"WZ 459/26","text":"DOGGER.\nSOFIA OFFSHORE WIND FARM.\n1. BUOYS UNLIT:\nA. N1 55-08.1N 002-09.5E.\nB. E5 54-51.5N 002-20.7E.\n2. CANCEL WZ 374/26.","issueDate":"240505 UTC Jul 26","status":"in_force","authority":"UKHO","coordsCount":2,"shape":"line","subject":"NAV","hazard":"obstruction","b2":"A"}},{"type":"Feature","geometry":{"type":"Point","coordinates":[2.21,53.06]},"properties":{"id":"ukho:coastal:462/26","source":"ukho","kind":"coastal","navArea":"UK-WZ","number":"462/26","title":"WZ 462/26","text":"HUMBER.\nLEMAN GAS FIELD.\n1. PLATFORM 49/27-ED 53-03.6N 002-12.6E UNLIT AND ALL NAVAIDS INOPERATIVE.\n2. CANCEL WZ 376/26.","issueDate":"250532 UTC Jul 26","status":"in_force","authority":"UKHO","coordsCount":1,"shape":"point","subject":"NAV","hazard":"obstruction","b2":"A"}},{"type":"Feature","geometry":{"type":"Point","coordinates":[-7.506667,57.011667]},"properties":{"id":"ukho:coastal:464/26","source":"ukho","kind":"coastal","navArea":"UK-WZ","number":"464/26","title":"WZ 464/26","text":"GMDSS.\r\nMRCC STORNOWAY.\r\nVHF R/T AND DSC SERVICES FROM BARRA SITE 57-00.7N 007-30.4W OFF AIR.","issueDate":"271009 UTC Jul 26","status":"in_force","authority":"UKHO","coordsCount":1,"shape":"point","subject":"NAV","hazard":null,"b2":"A"}},{"type":"Feature","geometry":{"type":"Point","coordinates":[-4.648333,50.326667]},"properties":{"id":"ukho:coastal:465/26","source":"ukho","kind":"coastal","navArea":"UK-WZ","number":"465/26","title":"WZ 465/26","text":"PLYMOUTH.\nFOWEY LIGHT 50-19.6N 004-38.9W UNRELIABLE.","issueDate":"271650 UTC Jul 26","status":"in_force","authority":"UKHO","coordsCount":1,"shape":"point","subject":"NAV","hazard":null,"b2":"A"}},{"type":"Feature","geometry":{"type":"Point","coordinates":[1.693333,52.903333]},"properties":{"id":"ukho:coastal:466/26","source":"ukho","kind":"coastal","navArea":"UK-WZ","number":"466/26","title":"WZ 466/26","text":"HUMBER.\nMID HAISBRO BUOY 52-54.2N 001-41.6E UNLIT.","issueDate":"280122 UTC Jul 26","status":"in_force","authority":"UKHO","coordsCount":1,"shape":"point","subject":"NAV","hazard":"obstruction","b2":"A"}},{"type":"Feature","geometry":{"type":"Point","coordinates":[2.096667,53.183333]},"properties":{"id":"ukho:coastal:469/26","source":"ukho","kind":"coastal","navArea":"UK-WZ","number":"469/26","title":"WZ 469/26","text":"HUMBER.\nINNER BANK.\nPLATFORM SOUTHWARK 53-11.0N 002-05.8E UNLIT AND ALL NAVAIDS INOPERATIVE.","issueDate":"022108 UTC Aug 26","status":"in_force","authority":"UKHO","coordsCount":1,"shape":"point","subject":"NAV","hazard":"obstruction","b2":"A"}},{"type":"Feature","geometry":{"type":"LineString","coordinates":[[-2.143333,56.238333],[-2.163333,56.205]]},"properties":{"id":"ukho:coastal:471/26","source":"ukho","kind":"coastal","navArea":"UK-WZ","number":"471/26","title":"WZ 471/26","text":"FORTH.\nNEART NA GAOITHE WIND FARM.\n1. NNG E BUOY 56-14.3N 002-08.6W AND NNG S BUOY 56-12.3N 002-09.8W AIS INOPERATIVE.\n2. CANCEL WZ 396/26.","issueDate":"032003 UTC Aug 26","status":"in_force","authority":"UKHO","coordsCount":2,"shape":"line","subject":"NAV","hazard":null,"b2":"A"}},{"type":"Feature","geometry":{"type":"Point","coordinates":[-3.916667,54.113333]},"properties":{"id":"ukho:coastal:473/26","source":"ukho","kind":"coastal","navArea":"UK-WZ","number":"473/26","title":"WZ 473/26","text":"IRISH SEA.\nWALNEY EXTENSION WIND FARM.\n1. TURBINE A01, 54-06.8N 003-55.0W, UNLIT.  \n2. CANCEL WZ 398/26.","issueDate":"041521 UTC Aug 26","status":"in_force","authority":"UKHO","coordsCount":1,"shape":"point","subject":"NAV","hazard":"obstruction","b2":"A"}},{"type":"Feature","geometry":{"type":"LineString","coordinates":[[-6.231667,58.461667],[-6.963333,56.503333]]},"properties":{"id":"ukho:navarea:119/26","source":"ukho","kind":"navarea","navArea":"I","number":"119/26","title":"NAVAREA I 119/26","text":"GMDSS.\nSCOTLAND WEST COAST AND NORTH COAST.\n1. MF R/T AND DSC SERVICES FROM BUTT OF LEWIS SITE 58-27.7N 006-13.9W OFF AIR.\n2. MF DSC SERVICES FROM TIREE SITE 56-30.2N 006-57.8W OFF AIR.\n3. CANCEL NAVAREA I 118/26.","issueDate":"181129 UTC Jun 26","status":"in_force","authority":"UKHO","coordsCount":2,"shape":"line","subject":"NAV","hazard":null,"b2":"A"}},{"type":"Feature","geometry":{"type":"Polygon","coordinates":[[[1.8,61.305],[2.78,61.303333],[2.711667,60.961667],[1.871667,60.961667],[1.8,61.305]]]},"properties":{"id":"ukho:navarea:133/26","source":"ukho","kind":"navarea","navArea":"I","number":"133/26","title":"NAVAREA I 133/26","text":"NORTH SEA.\r\nGULLFAKS OIL FIELD.\r\nSEISMIC SURVEY IN PROGRESS BY RSV RAMFORM ATLAS TOWING 17 X 3600 METRE LONG CABLES IN AREA BOUND BY 61-18.3N 001-48.0E, 61-18.2N 002-46.8E, 60-57.7N 002-42.7E, 60-57.7N 001-52.3E. \r\nONE MILE BERTH AHEAD AND ABEAM AND 3 MILES ASTERN REQUESTED. \r\nVESSELS M/V THOR FRIGG AND M/V THOR OMEGA IN ATTENDANCE.","issueDate":"031448 UTC Jul 26","status":"in_force","authority":"UKHO","coordsCount":4,"shape":"area","subject":"NAV","hazard":"survey","b2":"A"}},{"type":"Feature","geometry":{"type":"Polygon","coordinates":[[[1.598333,58.871667],[1.923333,58.85],[1.843333,58.54],[1.516667,58.563333],[1.598333,58.871667]]]},"properties":{"id":"ukho:navarea:160/26","source":"ukho","kind":"navarea","navArea":"I","number":"160/26","title":"NAVAREA I 160/26","text":"NORTH SEA.\nMILLER OIL FIELD EASTWARDS.\nSEISMIC SURVEY IN PROGRESS BY M/V AMAZON CONQUEROR TOWING 8 X 1 MILE LONG CABLES IN AREA BOUND BY 58-52.3N 001-35.9E, 58-51.0N 001-55.4E, 58-32.4N 001-50.6E, 58-33.8N 001-31.0E.\nWIDE BERTH OF 2 MILES REQUESTED.\nM/V AMBER G AND M/V SHEMERAH II IN ATTENDANCE.","issueDate":"311305 UTC Jul 26","status":"in_force","authority":"UKHO","coordsCount":4,"shape":"area","subject":"NAV","hazard":"survey","b2":"A"}},{"type":"Feature","geometry":{"type":"Polygon","coordinates":[[[1.408333,51.993333],[-1.463333,55.073333],[-2.053333,57.128333],[1.408333,51.993333]]]},"properties":{"id":"ukho:navarea:161/26","source":"ukho","kind":"navarea","navArea":"I","number":"161/26","title":"NAVAREA I 161/26","text":"GMDSS. ENGLAND AND SCOTLAND EAST COAST, INCLUDING THE ENGLISH CHANNEL, NORTH SEA AND SHETLAND ISLANDS.\n1. MF R/T AND DSC SERVICES OFF AIR FROM SITES:\nA. BAWDSEY 51-59.6N 001-24.5E.\nB. CULLERCOATS 55-04.4N 001-27.8W.\n2. VHF DSC AND MF R/T AND DSC SERVICES FROM GREGNESS SITE 57-07.7N 002-03.2W OFF AIR.\n3. CANCEL NAVAREA I 153/26.","issueDate":"012100 UTC Aug 26","status":"in_force","authority":"UKHO","coordsCount":3,"shape":"area","subject":"NAV","hazard":null,"b2":"A"}},{"type":"Feature","geometry":{"type":"MultiPoint","coordinates":[[3.94,52.128333],[3.538333,53.061667],[2.105,53.118333],[3.983333,53.358333],[4.73,53.55],[6.36,53.685],[0.551667,53.9],[2.248333,54.103333],[0.996667,54.273333],[2.933333,54.336667],[2.293333,54.57],[3.398333,56.275],[3.213333,56.548333],[2.38,56.9],[1.84,57.013333],[1.955,57.031667],[1.996667,57.375],[4.533333,57.815],[0.031667,57.903333],[-1.706667,58.3],[1.951667,58.635],[1.743333,58.843333],[2.486667,58.88],[2.281667,58.97],[2.555,59.231667],[2.515,59.26],[2.223333,59.341667],[2.57,59.661667],[2.566667,59.871667],[2.591667,60.111667],[2.041667,60.506667],[1.128333,61.033333],[-3.705,61.063333],[2.273333,61.096667],[3.013333,61.258333],[2.118333,61.275],[1.605,61.565],[1.261667,61.568333],[6.75,64.03],[6.433333,64.88],[-3.575,53.536667],[-3.453333,53.566667],[-3.476667,53.648333]]},"properties":{"id":"ukho:navarea:162/26","source":"ukho","kind":"navarea","navArea":"I","number":"162/26","title":"NAVAREA I 162/26","text":"1. RIGLIST. CORRECT AT 030430 UTC AUG 2026.\n\n    SOUTHERN NORTH SEA: 51N TO 55N\n    52-07.7N 003-56.4E VALARIS 123 ACP P18-A\n    53-03.7N 003-32.3E SHELF DRILLING WINNER ACP K17-FA-1\n    53-07.1N 002-06.3E ENSCO 92 ACP LEMAN GAS FIELD\n    53-21.5N 003-59.0E NOBLE RESOLUTE ACP K12-G\n    53-33.0N 004-43.8E TRITON 10 (EX NOBLE REACHER) ACP L9-FA-1\n    53-41.1N 006-21.6E PROSPECTOR 1 ACP N05-A\n    53-54.0N 000-33.1E HAEVA\n    54-06.2N 002-14.9E NOBLE INTREPID\n    54-16.4N 000-59.8E OBANA ACP GARROW\n    54-20.2N 002-56.0E SWIFT 10\n    54-34.2N 002-17.6E VALARIS NORWAY ACP CYGNUS GAS FIELD\n\n    NORTH SEA: 55N TO 60N, EAST OF 5W\n    56-16.5N 003-23.9E NOBLE INVINCIBLE ACP VALHALL OIL FIELD\n    56-32.9N 003-12.8E LINUS ACP EKOFISK COMPLEX\n    56-54.0N 002-22.8E VALARIS 122 ACP 30/02-WHPA\n    57-00.8N 001-50.4E VALARIS STAVANGER ACP ELGIN GAS FIELD\n    57-01.9N 001-57.3E VALARIS 121 ACP SHEARWATER OIL FIELD\n    57-22.5N 001-59.8E NOBLE INNOVATOR ACP MUNGO OIL FIELD\n    57-48.9N 004-32.0E MAERSK INSPIRER ACP YME OIL FIELD\n    57-54.2N 000-01.9E WELL SAFE GUARDIAN\n    58-18.0N 001-42.4W PAUL B LOYD JR\n    58-38.1N 001-57.1E SCARABEO 8\n    58-50.6N 001-44.6E SHELF DRILLING BARSK ACP GUDRUN\n    58-52.8N 002-29.2E DEEPSEA BERGEN (EX BOLLSTA)\n    58-58.2N 002-16.9E DEEPSEA NORDKAPP\n    59-13.9N 002-33.3E DEEPSEA ABERDEEN\n    59-15.6N 002-30.9E COSL PIONEER\n    59-20.5N 002-13.4E COSL INNOVATOR\n    59-39.7N 002-34.2E WEST ELARA\n    59-52.3N 002-34.0E NOBLE INTEGRATOR ACP HUGIN A\n\n    NORWEGIAN SEA: 60N TO 65N, EAST OF 5W\n    60-06.7N 002-35.5E DEEPSEA STAVANGER ACP MUNIN\n    60-30.4N 002-02.5E ASKEPOTT\n    61-02.0N 001-07.7E NOBLE PATRIOT\n    61-03.8N 003-42.3W DEEPSEA ATLANTIC\n    61-05.8N 002-16.4E ASKELADDEN\n    61-15.5N 003-00.8E DEEPSEA YANTAI\n    61-16.5N 002-07.1E COSL PROMOTER\n    61-33.9N 001-36.3E STENA DON\n    61-34.1N 001-15.7E WELL SAFE DEFENDER\n    64-01.8N 006-45.0E COSL PROSPECTOR\n    64-52.8N 006-26.0E TRANSOCEAN SPITSBERGEN\n\n    SOUTH AND WEST OF GREAT BRITAIN\n    53-32.2N 003-34.5W SEAFOX 7 ACP DOUGLAS OIL FIELD\n    53-34.0N 003-27.2W VALARIS 72 (EX ENSCO) ACP HAMILTON GAS FIELD\n    53-38.9N 003-28.6W VALARIS 120 ACP HAMILTON NORTH GAS FIELD\n\nNOTES:\nA. RIGS ARE PROTECTED BY A 500 METRE SAFETY ZONE.\nB. ACP - ADJACENT TO CHARTED PLATFORM.\nC. FOR RIGS LOCATED NORTH OF 65N, EAST OF 5W, REFER TO NAVAREA XIX WARNINGS OR VISIT WWW.NAVAREA-XIX.NO\n\n2. CANCEL NAVAREA I 155/26.","issueDate":"030434 UTC Aug 26","status":"in_force","authority":"UKHO","coordsCount":43,"shape":"points","subject":"NAV","hazard":"rig","b2":"A"}},{"type":"Feature","geometry":{"type":"Polygon","coordinates":[[[1.84,59.466667],[2.261667,59.71],[3.045,59.483333],[2.361667,58.863333],[1.88,58.983333],[1.84,59.466667]]]},"properties":{"id":"ukho:navarea:163/26","source":"ukho","kind":"navarea","navArea":"I","number":"163/26","title":"NAVAREA I 163/26","text":"NORTH SEA.\nTHE PATCH NORTHWESTWARDS.\n1. SEISMIC SURVEY IN PROGRESS BY M/V RAMFORM HYPERION TOWING 10 X 1.7 MILE LONG CABLES IN AREA BOUND BY 59-28.0N 001-50.4E, 59-42.6N 002-15.7E, 59-29.0N 003-02.7E, 58-51.8N 002-21.7E, 58-59.0N 001-52.8E.         \nWIDE BERTH OF 3 MILES REQUESTED.\nM/V THOR MAGNI AND M/V 7 STARS IN ATTENDANCE. \n2. CANCEL NAVAREA I 158/26.","issueDate":"031343 UTC Aug 26","status":"in_force","authority":"UKHO","coordsCount":5,"shape":"area","subject":"NAV","hazard":"survey","b2":"A"}},{"type":"Feature","geometry":{"type":"LineString","coordinates":[[-16.365,49],[-16.375,48.938333]]},"properties":{"id":"ukho:navarea:61/26","source":"ukho","kind":"navarea","navArea":"I","number":"61/26","title":"NAVAREA I 61/26","text":"WESTERN APPROACHES TO UNITED KINGDOM AND IRELAND.\nPORCUPINE ABYSSAL PLAIN.\nCHART GB 4102 (INT 102).\n1. PAP ODAS BUOY 49-00.0N 016-21.9W MOVED TO 48-56.3N 016-22.5W.\n2. CANCEL NAVAREA I 59/26.","issueDate":"231605 UTC Mar 26","status":"in_force","authority":"UKHO","coordsCount":2,"shape":"line","subject":"NAV","hazard":null,"b2":"A"}}],"meta":{"generatedAt":"2026-08-05T12:35:21.656Z","featureCount":388,"orphanCount":15,"bulletinCount":11,"inputCount":414,"disclaimer":"Situational awareness only. Not a substitute for official GMDSS MSI (NAVTEX / SafetyNET / SafetyCast).","sources":{"nga":{"ok":true,"count":386,"ms":276},"ukho":{"ok":true,"count":24,"ms":587},"norway":{"ok":true,"count":4,"ms":877}}}}